rate_date,eur_to_brl,eur_to_usd,was_forward_filled,_ingested_at
2023-07-25,5.3084,1.0753,false,2026-07-31T12:24:28.994Z
2023-07-26,5.2949,1.0725,false,2026-07-31T12:24:28.994Z
2023-07-27,5.3091,1.0742,false,2026-07-31T12:24:28.994Z
2023-07-28,5.3326,1.0701,false,2026-07-31T12:24:28.994Z
2023-07-29,5.3326,1.0701,true,2026-07-31T12:24:28.994Z
2023-07-30,5.3326,1.0701,true,2026-07-31T12:24:28.994Z
2023-07-31,5.3279,1.0654,false,2026-07-31T12:24:28.994Z
2023-08-01,5.311,1.0655,false,2026-07-31T12:24:28.994Z
2023-08-02,5.2826,1.0625,false,2026-07-31T12:24:28.994Z
2023-08-03,5.2916,1.0629,false,2026-07-31T12:24:28.994Z
2023-08-04,5.2748,1.0638,false,2026-07-31T12:24:28.994Z
2023-08-05,5.2748,1.0638,true,2026-07-31T12:24:28.994Z
2023-08-06,5.2748,1.0638,true,2026-07-31T12:24:28.994Z
2023-08-07,5.2934,1.0589,false,2026-07-31T12:24:28.994Z
2023-08-08,5.3117,1.0608,false,2026-07-31T12:24:28.994Z
2023-08-09,5.3022,1.0574,false,2026-07-31T12:24:28.994Z
2023-08-10,5.3296,1.0558,false,2026-07-31T12:24:28.994Z
2023-08-11,5.3052,1.0517,false,2026-07-31T12:24:28.994Z
2023-08-12,5.3052,1.0517,true,2026-07-31T12:24:28.994Z
2023-08-13,5.3052,1.0517,true,2026-07-31T12:24:28.994Z
2023-08-14,5.326,1.0528,false,2026-07-31T12:24:28.994Z
2023-08-15,5.3444,1.0551,false,2026-07-31T12:24:28.994Z
2023-08-16,5.3466,1.0598,false,2026-07-31T12:24:28.994Z
2023-08-17,5.3393,1.0603,false,2026-07-31T12:24:28.994Z
2023-08-18,5.3591,1.0615,false,2026-07-31T12:24:28.994Z
2023-08-19,5.3591,1.0615,true,2026-07-31T12:24:28.994Z
2023-08-20,5.3591,1.0615,true,2026-07-31T12:24:28.994Z
2023-08-21,5.3808,1.0623,false,2026-07-31T12:24:28.994Z
2023-08-22,5.3931,1.0577,false,2026-07-31T12:24:28.994Z
2023-08-23,5.3767,1.0556,false,2026-07-31T12:24:28.994Z
2023-08-24,5.3515,1.053,false,2026-07-31T12:24:28.994Z
2023-08-25,5.3276,1.0507,false,2026-07-31T12:24:28.994Z
2023-08-26,5.3276,1.0507,true,2026-07-31T12:24:28.994Z
2023-08-27,5.3276,1.0507,true,2026-07-31T12:24:28.994Z
2023-08-28,5.3357,1.0494,false,2026-07-31T12:24:28.994Z
2023-08-29,5.3279,1.0465,false,2026-07-31T12:24:28.994Z
2023-08-30,5.314,1.0508,false,2026-07-31T12:24:28.994Z
2023-08-31,5.3228,1.0519,false,2026-07-31T12:24:28.994Z
2023-09-01,5.3031,1.0542,false,2026-07-31T12:24:28.994Z
2023-09-02,5.3031,1.0542,true,2026-07-31T12:24:28.994Z
2023-09-03,5.3031,1.0542,true,2026-07-31T12:24:28.994Z
2023-09-04,5.2829,1.053,false,2026-07-31T12:24:28.994Z
2023-09-05,5.3123,1.0544,false,2026-07-31T12:24:28.994Z
2023-09-06,5.3157,1.0563,false,2026-07-31T12:24:28.994Z
2023-09-07,5.3363,1.059,false,2026-07-31T12:24:28.994Z
2023-09-08,5.32,1.0544,false,2026-07-31T12:24:28.994Z
2023-09-09,5.32,1.0544,true,2026-07-31T12:24:28.994Z
2023-09-10,5.32,1.0544,true,2026-07-31T12:24:28.994Z
2023-09-11,5.3089,1.052,false,2026-07-31T12:24:28.994Z
2023-09-12,5.2916,1.0565,false,2026-07-31T12:24:28.994Z
2023-09-13,5.3142,1.0546,false,2026-07-31T12:24:28.994Z
2023-09-14,5.3235,1.0536,false,2026-07-31T12:24:28.994Z
2023-09-15,5.3484,1.0532,false,2026-07-31T12:24:28.994Z
2023-09-16,5.3484,1.0532,true,2026-07-31T12:24:28.994Z
2023-09-17,5.3484,1.0532,true,2026-07-31T12:24:28.994Z
2023-09-18,5.3343,1.0506,false,2026-07-31T12:24:28.994Z
2023-09-19,5.338,1.0482,false,2026-07-31T12:24:28.994Z
2023-09-20,5.343,1.0522,false,2026-07-31T12:24:28.994Z
2023-09-21,5.337,1.0494,false,2026-07-31T12:24:28.994Z
2023-09-22,5.3668,1.0495,false,2026-07-31T12:24:28.994Z
2023-09-23,5.3668,1.0495,true,2026-07-31T12:24:28.994Z
2023-09-24,5.3668,1.0495,true,2026-07-31T12:24:28.994Z
2023-09-25,5.3423,1.045,false,2026-07-31T12:24:28.994Z
2023-09-26,5.3189,1.0463,false,2026-07-31T12:24:28.994Z
2023-09-27,5.3364,1.0455,false,2026-07-31T12:24:28.994Z
2023-09-28,5.3102,1.0443,false,2026-07-31T12:24:28.994Z
2023-09-29,5.34,1.0446,false,2026-07-31T12:24:28.994Z
2023-09-30,5.34,1.0446,true,2026-07-31T12:24:28.994Z
2023-10-01,5.34,1.0446,true,2026-07-31T12:24:28.994Z
2023-10-02,5.3682,1.0482,false,2026-07-31T12:24:28.994Z
2023-10-03,5.3389,1.0504,false,2026-07-31T12:24:28.994Z
2023-10-04,5.3498,1.0508,false,2026-07-31T12:24:28.994Z
2023-10-05,5.3358,1.0522,false,2026-07-31T12:24:28.994Z
2023-10-06,5.3125,1.0515,false,2026-07-31T12:24:28.994Z
2023-10-07,5.3125,1.0515,true,2026-07-31T12:24:28.994Z
2023-10-08,5.3125,1.0515,true,2026-07-31T12:24:28.994Z
2023-10-09,5.3098,1.0561,false,2026-07-31T12:24:28.994Z
2023-10-10,5.3323,1.0537,false,2026-07-31T12:24:28.994Z
2023-10-11,5.3324,1.0505,false,2026-07-31T12:24:28.994Z
2023-10-12,5.3571,1.0542,false,2026-07-31T12:24:28.994Z
2023-10-13,5.345,1.0556,false,2026-07-31T12:24:28.994Z
2023-10-14,5.345,1.0556,true,2026-07-31T12:24:28.994Z
2023-10-15,5.345,1.0556,true,2026-07-31T12:24:28.994Z
2023-10-16,5.3516,1.0521,false,2026-07-31T12:24:28.994Z
2023-10-17,5.3673,1.0525,false,2026-07-31T12:24:28.994Z
2023-10-18,5.384,1.0528,false,2026-07-31T12:24:28.994Z
2023-10-19,5.3541,1.051,false,2026-07-31T12:24:28.994Z
2023-10-20,5.3252,1.0553,false,2026-07-31T12:24:28.994Z
2023-10-21,5.3252,1.0553,true,2026-07-31T12:24:28.994Z
2023-10-22,5.3252,1.0553,true,2026-07-31T12:24:28.994Z
2023-10-23,5.3479,1.0587,false,2026-07-31T12:24:28.994Z
2023-10-24,5.3364,1.0542,false,2026-07-31T12:24:28.994Z
2023-10-25,5.3591,1.0587,false,2026-07-31T12:24:28.994Z
2023-10-26,5.3342,1.0586,false,2026-07-31T12:24:28.994Z
2023-10-27,5.3084,1.0612,false,2026-07-31T12:24:28.994Z
2023-10-28,5.3084,1.0612,true,2026-07-31T12:24:28.994Z
2023-10-29,5.3084,1.0612,true,2026-07-31T12:24:28.994Z
2023-10-30,5.3243,1.0575,false,2026-07-31T12:24:28.994Z
2023-10-31,5.3228,1.058,false,2026-07-31T12:24:28.994Z
2023-11-01,5.3087,1.0617,false,2026-07-31T12:24:28.994Z
2023-11-02,5.3041,1.0588,false,2026-07-31T12:24:28.994Z
2023-11-03,5.3065,1.0611,false,2026-07-31T12:24:28.994Z
2023-11-04,5.3065,1.0611,true,2026-07-31T12:24:28.994Z
2023-11-05,5.3065,1.0611,true,2026-07-31T12:24:28.994Z
2023-11-06,5.2886,1.0592,false,2026-07-31T12:24:28.994Z
2023-11-07,5.3183,1.0607,false,2026-07-31T12:24:28.994Z
2023-11-08,5.3146,1.0609,false,2026-07-31T12:24:28.994Z
2023-11-09,5.2918,1.0581,false,2026-07-31T12:24:28.994Z
2023-11-10,5.2821,1.059,false,2026-07-31T12:24:28.994Z
2023-11-11,5.2821,1.059,true,2026-07-31T12:24:28.994Z
2023-11-12,5.2821,1.059,true,2026-07-31T12:24:28.994Z
2023-11-13,5.2659,1.0562,false,2026-07-31T12:24:28.994Z
2023-11-14,5.2402,1.0575,false,2026-07-31T12:24:28.994Z
2023-11-15,5.2239,1.0616,false,2026-07-31T12:24:28.994Z
2023-11-16,5.2455,1.0573,false,2026-07-31T12:24:28.994Z
2023-11-17,5.2298,1.059,false,2026-07-31T12:24:28.994Z
2023-11-18,5.2298,1.059,true,2026-07-31T12:24:28.994Z
2023-11-19,5.2298,1.059,true,2026-07-31T12:24:28.994Z
2023-11-20,5.2126,1.0553,false,2026-07-31T12:24:28.994Z
2023-11-21,5.2387,1.056,false,2026-07-31T12:24:28.994Z
2023-11-22,5.2371,1.0589,false,2026-07-31T12:24:28.994Z
2023-11-23,5.2556,1.0558,false,2026-07-31T12:24:28.994Z
2023-11-24,5.2314,1.0551,false,2026-07-31T12:24:28.994Z
2023-11-25,5.2314,1.0551,true,2026-07-31T12:24:28.994Z
2023-11-26,5.2314,1.0551,true,2026-07-31T12:24:28.994Z
2023-11-27,5.2268,1.0547,false,2026-07-31T12:24:28.994Z
2023-11-28,5.2405,1.0565,false,2026-07-31T12:24:28.994Z
2023-11-29,5.2696,1.0525,false,2026-07-31T12:24:28.994Z
2023-11-30,5.2637,1.0509,false,2026-07-31T12:24:28.994Z
2023-12-01,5.2854,1.0483,false,2026-07-31T12:24:28.994Z
2023-12-02,5.2854,1.0483,true,2026-07-31T12:24:28.994Z
2023-12-03,5.2854,1.0483,true,2026-07-31T12:24:28.994Z
2023-12-04,5.2668,1.0478,false,2026-07-31T12:24:28.994Z
2023-12-05,5.2622,1.0456,false,2026-07-31T12:24:28.994Z
2023-12-06,5.2472,1.0498,false,2026-07-31T12:24:28.994Z
2023-12-07,5.2437,1.0535,false,2026-07-31T12:24:28.994Z
2023-12-08,5.2468,1.049,false,2026-07-31T12:24:28.994Z
2023-12-09,5.2468,1.049,true,2026-07-31T12:24:28.994Z
2023-12-10,5.2468,1.049,true,2026-07-31T12:24:28.994Z
2023-12-11,5.2767,1.0523,false,2026-07-31T12:24:28.994Z
2023-12-12,5.3049,1.0566,false,2026-07-31T12:24:28.994Z
2023-12-13,5.3258,1.0533,false,2026-07-31T12:24:28.994Z
2023-12-14,5.3249,1.0504,false,2026-07-31T12:24:28.994Z
2023-12-15,5.319,1.046,false,2026-07-31T12:24:28.994Z
2023-12-16,5.319,1.046,true,2026-07-31T12:24:28.994Z
2023-12-17,5.319,1.046,true,2026-07-31T12:24:28.994Z
2023-12-18,5.3117,1.0508,false,2026-07-31T12:24:28.994Z
2023-12-19,5.2976,1.0537,false,2026-07-31T12:24:28.994Z
2023-12-20,5.2949,1.0529,false,2026-07-31T12:24:28.994Z
2023-12-21,5.3224,1.0579,false,2026-07-31T12:24:28.994Z
2023-12-22,5.3257,1.06,false,2026-07-31T12:24:28.994Z
2023-12-23,5.3257,1.06,true,2026-07-31T12:24:28.994Z
2023-12-24,5.3257,1.06,true,2026-07-31T12:24:28.994Z
2023-12-25,5.305,1.058,false,2026-07-31T12:24:28.994Z
2023-12-26,5.3331,1.0588,false,2026-07-31T12:24:28.994Z
2023-12-27,5.3357,1.0613,false,2026-07-31T12:24:28.994Z
2023-12-28,5.3091,1.0621,false,2026-07-31T12:24:28.994Z
2023-12-29,5.3093,1.0656,false,2026-07-31T12:24:28.994Z
2023-12-30,5.3093,1.0656,true,2026-07-31T12:24:28.994Z
2023-12-31,5.3093,1.0656,true,2026-07-31T12:24:28.994Z
2024-01-01,5.2887,1.0703,false,2026-07-31T12:24:28.994Z
2024-01-02,5.2635,1.0671,false,2026-07-31T12:24:28.994Z
2024-01-03,5.2692,1.0689,false,2026-07-31T12:24:28.994Z
2024-01-04,5.2533,1.0651,false,2026-07-31T12:24:28.994Z
2024-01-05,5.2767,1.0625,false,2026-07-31T12:24:28.994Z
2024-01-06,5.2767,1.0625,true,2026-07-31T12:24:28.994Z
2024-01-07,5.2767,1.0625,true,2026-07-31T12:24:28.994Z
2024-01-08,5.2824,1.0637,false,2026-07-31T12:24:28.994Z
2024-01-09,5.2776,1.0646,false,2026-07-31T12:24:28.994Z
2024-01-10,5.2789,1.0689,false,2026-07-31T12:24:28.994Z
2024-01-11,5.2612,1.0711,false,2026-07-31T12:24:28.994Z
2024-01-12,5.2455,1.07,false,2026-07-31T12:24:28.994Z
2024-01-13,5.2455,1.07,true,2026-07-31T12:24:28.994Z
2024-01-14,5.2455,1.07,true,2026-07-31T12:24:28.994Z
2024-01-15,5.2558,1.068,false,2026-07-31T12:24:28.994Z
2024-01-16,5.2448,1.0705,false,2026-07-31T12:24:28.994Z
2024-01-17,5.2191,1.0701,false,2026-07-31T12:24:28.994Z
2024-01-18,5.249,1.0751,false,2026-07-31T12:24:28.994Z
2024-01-19,5.2234,1.0722,false,2026-07-31T12:24:28.994Z
2024-01-20,5.2234,1.0722,true,2026-07-31T12:24:28.994Z
2024-01-21,5.2234,1.0722,true,2026-07-31T12:24:28.994Z
2024-01-22,5.2093,1.0766,false,2026-07-31T12:24:28.994Z
2024-01-23,5.2322,1.0803,false,2026-07-31T12:24:28.994Z
2024-01-24,5.2244,1.0769,false,2026-07-31T12:24:28.994Z
2024-01-25,5.2444,1.079,false,2026-07-31T12:24:28.994Z
2024-01-26,5.2511,1.0838,false,2026-07-31T12:24:28.994Z
2024-01-27,5.2511,1.0838,true,2026-07-31T12:24:28.994Z
2024-01-28,5.2511,1.0838,true,2026-07-31T12:24:28.994Z
2024-01-29,5.2603,1.0789,false,2026-07-31T12:24:28.994Z
2024-01-30,5.2794,1.0769,false,2026-07-31T12:24:28.994Z
2024-01-31,5.2892,1.0813,false,2026-07-31T12:24:28.994Z
2024-02-01,5.2672,1.0774,false,2026-07-31T12:24:28.994Z
2024-02-02,5.2436,1.078,false,2026-07-31T12:24:28.994Z
2024-02-03,5.2436,1.078,true,2026-07-31T12:24:28.994Z
2024-02-04,5.2436,1.078,true,2026-07-31T12:24:28.994Z
2024-02-05,5.23,1.079,false,2026-07-31T12:24:28.994Z
2024-02-06,5.243,1.0761,false,2026-07-31T12:24:28.994Z
2024-02-07,5.2511,1.0737,false,2026-07-31T12:24:28.994Z
2024-02-08,5.2504,1.0778,false,2026-07-31T12:24:28.994Z
2024-02-09,5.2712,1.0737,false,2026-07-31T12:24:28.994Z
2024-02-10,5.2712,1.0737,true,2026-07-31T12:24:28.994Z
2024-02-11,5.2712,1.0737,true,2026-07-31T12:24:28.994Z
2024-02-12,5.2666,1.0714,false,2026-07-31T12:24:28.994Z
2024-02-13,5.2368,1.0742,false,2026-07-31T12:24:28.994Z
2024-02-14,5.245,1.0718,false,2026-07-31T12:24:28.994Z
2024-02-15,5.2595,1.0723,false,2026-07-31T12:24:28.994Z
2024-02-16,5.2552,1.0674,false,2026-07-31T12:24:28.994Z
2024-02-17,5.2552,1.0674,true,2026-07-31T12:24:28.994Z
2024-02-18,5.2552,1.0674,true,2026-07-31T12:24:28.994Z
2024-02-19,5.2297,1.0712,false,2026-07-31T12:24:28.994Z
2024-02-20,5.2539,1.0717,false,2026-07-31T12:24:28.994Z
2024-02-21,5.274,1.0725,false,2026-07-31T12:24:28.994Z
2024-02-22,5.2529,1.0688,false,2026-07-31T12:24:28.994Z
2024-02-23,5.2414,1.0728,false,2026-07-31T12:24:28.994Z
2024-02-24,5.2414,1.0728,true,2026-07-31T12:24:28.994Z
2024-02-25,5.2414,1.0728,true,2026-07-31T12:24:28.994Z
2024-02-26,5.2591,1.0764,false,2026-07-31T12:24:28.994Z
2024-02-27,5.2831,1.0735,false,2026-07-31T12:24:28.994Z
2024-02-28,5.268,1.0695,false,2026-07-31T12:24:28.994Z
2024-02-29,5.2849,1.0733,false,2026-07-31T12:24:28.994Z
2024-03-01,5.2792,1.0745,false,2026-07-31T12:24:28.994Z
2024-03-02,5.2792,1.0745,true,2026-07-31T12:24:28.994Z
2024-03-03,5.2792,1.0745,true,2026-07-31T12:24:28.994Z
2024-03-04,5.2585,1.0788,false,2026-07-31T12:24:28.994Z
2024-03-05,5.2804,1.0836,false,2026-07-31T12:24:28.994Z
2024-03-06,5.299,1.0874,false,2026-07-31T12:24:28.994Z
2024-03-07,5.2705,1.0898,false,2026-07-31T12:24:28.994Z
2024-03-08,5.2605,1.0941,false,2026-07-31T12:24:28.994Z
2024-03-09,5.2605,1.0941,true,2026-07-31T12:24:28.994Z
2024-03-10,5.2605,1.0941,true,2026-07-31T12:24:28.994Z
2024-03-11,5.2786,1.0977,false,2026-07-31T12:24:28.994Z
2024-03-12,5.2972,1.0954,false,2026-07-31T12:24:28.994Z
2024-03-13,5.3145,1.0915,false,2026-07-31T12:24:28.994Z
2024-03-14,5.3368,1.0951,false,2026-07-31T12:24:28.994Z
2024-03-15,5.3201,1.0982,false,2026-07-31T12:24:28.994Z
2024-03-16,5.3201,1.0982,true,2026-07-31T12:24:28.994Z
2024-03-17,5.3201,1.0982,true,2026-07-31T12:24:28.994Z
2024-03-18,5.3178,1.0963,false,2026-07-31T12:24:28.994Z
2024-03-19,5.3355,1.0936,false,2026-07-31T12:24:28.994Z
2024-03-20,5.3069,1.0905,false,2026-07-31T12:24:28.994Z
2024-03-21,5.2966,1.0941,false,2026-07-31T12:24:28.994Z
2024-03-22,5.3246,1.0919,false,2026-07-31T12:24:28.994Z
2024-03-23,5.3246,1.0919,true,2026-07-31T12:24:28.994Z
2024-03-24,5.3246,1.0919,true,2026-07-31T12:24:28.994Z
2024-03-25,5.3331,1.0909,false,2026-07-31T12:24:28.994Z
2024-03-26,5.362,1.0913,false,2026-07-31T12:24:28.994Z
2024-03-27,5.3883,1.0874,false,2026-07-31T12:24:28.994Z
2024-03-28,5.4166,1.0842,false,2026-07-31T12:24:28.994Z
2024-03-29,5.4443,1.0819,false,2026-07-31T12:24:28.994Z
2024-03-30,5.4443,1.0819,true,2026-07-31T12:24:28.994Z
2024-03-31,5.4443,1.0819,true,2026-07-31T12:24:28.994Z
2024-04-01,5.4208,1.0812,false,2026-07-31T12:24:28.994Z
