player_id,signup_date,acquisition_channel,country,preferred_currency,kyc_status,self_excluded,is_eligible_for_targeting,_ingested_at,turnover_brl,ggr_brl,last_bet_ts,n_bets,net_deposits_confirmed_brl,deposits_pending_brl,deposits_failed_brl,last_confirmed_deposit_ts,n_confirmed_deposits,personal_cadence_days,last_activity_ts,is_never_converted,days_since_last_activity,has_reliable_personal_cadence,dormancy_threshold_days,player_lifecycle_status,hold_rate,wallet_burn_rate,theoretical_balance_brl
P00001,2024-01-11,affiliate,BR,BRL,verified,false,true,2026-07-31T12:25:18.361Z,5800.98,1661.48,2024-01-20T02:23:00.000Z,12,5436.049999999999,278.77,448.8,2024-01-18T17:20:00.000Z,4,3,2024-01-20T02:23:00.000Z,false,72,false,60.0,dormant,0.2864,0.3056,3774.57
P00002,2023-12-30,affiliate,BR,BRL,verified,false,true,2026-07-31T12:25:18.361Z,0.0,0.0,,0,1161.09,0.0,0.0,2024-02-10T11:43:00.000Z,1,,2024-02-10T11:43:00.000Z,false,51,false,60.0,active,,0.0,1161.09
P00003,2023-11-16,paid_social,BR,BRL,verified,false,true,2026-07-31T12:25:18.361Z,3136.3900000000003,1131.73,2023-12-31T01:57:00.000Z,6,1739.55,0.0,0.0,2023-12-02T16:29:00.000Z,2,6,2023-12-31T01:57:00.000Z,false,92,false,60.0,dormant,0.3608,0.6506,607.82
P00004,2024-02-12,organic,BR,BRL,verified,false,true,2026-07-31T12:25:18.361Z,9785.070000000003,-2183.349999999999,2024-03-16T01:27:00.000Z,21,3649.2,0.0,0.0,2024-03-16T17:26:00.000Z,3,4,2024-03-16T17:26:00.000Z,false,16,false,60.0,active,-0.2231,-0.5983,5832.55
P00005,2023-09-01,influencer,AO,USD,verified,false,true,2026-07-31T12:25:18.361Z,11495.4,-2891.51,2023-10-18T00:11:00.000Z,21,3570.84,207.26,4858.79,2023-10-12T11:03:00.000Z,5,3,2023-10-18T00:11:00.000Z,false,166,true,30.0,dormant,-0.2515,-0.8098,6462.35
P00006,2024-01-28,organic,BR,BRL,pending,false,true,2026-07-31T12:25:18.361Z,5987.42,1727.8400000000001,2024-03-25T15:20:00.000Z,12,9333.91,1549.56,0.0,2024-03-25T18:44:00.000Z,7,4,2024-03-25T18:44:00.000Z,false,7,true,30.0,active,0.2886,0.1851,7606.07
P00007,2024-01-10,affiliate,PT,USD,verified,false,true,2026-07-31T12:25:18.361Z,13392.150000000001,1967.3999999999999,2024-03-28T08:40:00.000Z,30,2905.12,0.0,0.0,2024-02-28T21:57:00.000Z,5,3,2024-03-28T08:40:00.000Z,false,4,true,30.0,active,0.1469,0.6772,937.72
P00008,2023-09-13,seo,BR,BRL,rejected,false,false,2026-07-31T12:25:18.361Z,13736.579999999996,-1472.5099999999993,2024-03-05T07:24:00.000Z,27,3932.4100000000003,0.0,889.7,2024-01-17T09:04:00.000Z,6,16,2024-03-05T07:24:00.000Z,false,27,true,40.0,active,-0.1072,-0.3745,5404.92
P00009,2023-10-23,affiliate,PT,EUR,pending,false,true,2026-07-31T12:25:18.361Z,0.0,0.0,,0,1425.54,0.0,0.0,2024-03-10T16:45:00.000Z,1,,2024-03-10T16:45:00.000Z,false,22,false,60.0,active,,0.0,1425.54
P00010,2024-03-12,seo,PT,EUR,pending,false,true,2026-07-31T12:25:18.361Z,0.0,0.0,,0,1561.38,0.0,0.0,2024-03-19T19:50:00.000Z,1,,2024-03-19T19:50:00.000Z,false,13,false,60.0,active,,0.0,1561.38
P00011,2024-02-07,influencer,BR,BRL,verified,false,true,2026-07-31T12:25:18.361Z,5506.5,1170.02,2024-02-15T00:30:00.000Z,9,3008.41,0.0,0.0,2024-02-14T16:50:00.000Z,3,0,2024-02-15T00:30:00.000Z,false,46,false,60.0,active,0.2125,0.3889,1838.39
P00012,2023-12-09,paid_social,BR,BRL,verified,false,true,2026-07-31T12:25:18.361Z,12624.169999999998,6499.809999999999,2024-01-27T13:50:00.000Z,24,4177.2,0.0,0.0,2024-01-22T17:37:00.000Z,4,9,2024-01-27T13:50:00.000Z,false,65,false,60.0,dormant,0.5149,1.556,-2322.61
P00013,2023-11-06,organic,BR,BRL,pending,false,true,2026-07-31T12:25:18.361Z,1568.57,128.48000000000002,2024-03-12T22:54:00.000Z,3,991.4,0.0,0.0,2024-02-02T21:05:00.000Z,1,,2024-03-12T22:54:00.000Z,false,20,false,60.0,active,0.0819,0.1296,862.92
P00014,2024-02-09,paid_social,BR,BRL,verified,false,true,2026-07-31T12:25:18.361Z,2886.81,408.3999999999998,2024-03-22T19:55:00.000Z,6,0.0,0.0,0.0,,0,,2024-03-22T19:55:00.000Z,false,10,false,60.0,active,0.1415,,-408.4
P00015,2023-10-07,influencer,AO,USD,pending,false,true,2026-07-31T12:25:18.361Z,0.0,0.0,,0,925.18,0.0,0.0,2024-01-04T09:30:00.000Z,1,,2024-01-04T09:30:00.000Z,false,88,false,60.0,dormant,,0.0,925.18
P00016,2023-09-20,influencer,BR,BRL,pending,false,true,2026-07-31T12:25:18.361Z,10286.070000000002,-3439.9500000000003,2024-01-20T10:54:00.000Z,24,4674.03,0.0,0.0,2023-11-15T00:45:00.000Z,4,15,2024-01-20T10:54:00.000Z,false,72,false,60.0,dormant,-0.3344,-0.736,8113.98
P00017,2023-08-05,organic,BR,BRL,verified,false,true,2026-07-31T12:25:18.361Z,3618.27,438.43000000000006,2024-01-11T14:12:00.000Z,6,0.0,0.0,0.0,,0,,2024-01-11T14:12:00.000Z,false,81,false,60.0,dormant,0.1212,,-438.43
P00018,2023-12-03,influencer,PT,EUR,verified,false,true,2026-07-31T12:25:18.361Z,1787.3600000000001,1412.9,2023-12-24T23:47:00.000Z,3,754.98,0.0,0.0,2023-12-31T02:48:00.000Z,1,,2023-12-31T02:48:00.000Z,false,92,false,60.0,dormant,0.7905,1.8714,-657.92
P00019,2023-12-14,affiliate,PT,EUR,verified,false,true,2026-07-31T12:25:18.361Z,8193.480000000001,-1095.5,2024-01-21T20:48:00.000Z,15,1961.23,0.0,677.68,2024-01-26T01:08:00.000Z,3,1,2024-01-26T01:08:00.000Z,false,66,false,60.0,dormant,-0.1337,-0.5586,3056.73
P00020,2024-01-19,influencer,BR,BRL,verified,true,false,2026-07-31T12:25:18.361Z,0.0,0.0,,0,1448.9199999999998,0.0,0.0,2024-03-12T09:34:00.000Z,2,38,2024-03-12T09:34:00.000Z,false,20,false,60.0,active,,0.0,1448.92
P00021,2023-09-28,paid_social,BR,EUR,pending,false,true,2026-07-31T12:25:18.361Z,7239.35,248.64999999999986,2023-11-20T09:25:00.000Z,18,4844.0599999999995,0.0,0.0,2023-11-02T19:39:00.000Z,5,1,2023-11-20T09:25:00.000Z,false,133,true,30.0,dormant,0.0343,0.0513,4595.41
P00022,2023-10-11,affiliate,BR,BRL,pending,false,true,2026-07-31T12:25:18.361Z,3537.92,-33.76000000000005,2024-02-04T03:58:00.000Z,6,2622.59,0.0,0.0,2023-12-20T11:23:00.000Z,3,1,2024-02-04T03:58:00.000Z,false,57,false,60.0,active,-0.0095,-0.0129,2656.35
P00023,2024-02-23,seo,BR,EUR,verified,false,true,2026-07-31T12:25:18.361Z,13023.43,-4170.2699999999995,2024-02-29T06:50:00.000Z,27,8135.729999999999,1813.6,1856.8899999999999,2024-02-29T06:45:00.000Z,7,0,2024-02-29T06:50:00.000Z,false,32,true,30.0,dormant,-0.3202,-0.5126,12306.0
P00024,2023-08-16,paid_social,BR,BRL,verified,false,true,2026-07-31T12:25:18.361Z,2830.75,-2263.83,2023-10-25T05:23:00.000Z,9,0.0,0.0,0.0,,0,,2023-10-25T05:23:00.000Z,false,159,false,60.0,dormant,-0.7997,,2263.83
P00025,2023-11-27,seo,BR,BRL,pending,false,true,2026-07-31T12:25:18.361Z,0.0,0.0,,0,0.0,0.0,0.0,,0,,,true,,false,60.0,never_converted,,,0.0
P00026,2024-03-02,affiliate,BR,BRL,verified,false,true,2026-07-31T12:25:18.361Z,14792.300000000001,-4211.629999999999,2024-03-07T18:24:00.000Z,27,8754.7,0.0,2185.55,2024-03-07T14:03:00.000Z,8,0,2024-03-07T18:24:00.000Z,false,25,true,30.0,active,-0.2847,-0.4811,12966.33
P00027,2023-11-06,seo,BR,BRL,verified,false,true,2026-07-31T12:25:18.361Z,8897.310000000001,2906.85,2024-03-09T02:42:00.000Z,18,2864.24,0.0,2528.12,2024-02-24T01:46:00.000Z,2,24,2024-03-09T02:42:00.000Z,false,23,false,60.0,active,0.3267,1.0149,-42.61
P00028,2023-09-09,paid_social,BR,BRL,verified,false,true,2026-07-31T12:25:18.361Z,13607.57,-1244.530000000001,2024-02-03T12:12:00.000Z,24,10439.349999999999,0.0,0.0,2024-01-13T00:56:00.000Z,10,12,2024-02-03T12:12:00.000Z,false,58,true,30.0,dormant,-0.0915,-0.1192,11683.88
P00029,2023-12-01,unknown,BR,BRL,verified,false,true,2026-07-31T12:25:18.361Z,15078.74,-563.5299999999994,2023-12-09T11:23:00.000Z,30,5277.820000000001,1465.85,438.32,2023-12-09T06:47:00.000Z,5,0,2023-12-09T11:23:00.000Z,false,114,true,30.0,dormant,-0.0374,-0.1068,5841.35
P00030,2024-01-20,influencer,PT,EUR,verified,false,true,2026-07-31T12:25:18.361Z,6291.78,2857.05,2024-03-26T19:41:00.000Z,15,6198.0,0.0,501.74,2024-03-26T09:18:00.000Z,6,6,2024-03-26T19:41:00.000Z,false,6,true,30.0,active,0.4541,0.461,3340.95
P00031,2023-10-20,organic,AO,USD,verified,false,true,2026-07-31T12:25:18.361Z,8916.800000000001,-4633.05,2024-01-08T18:23:00.000Z,15,3915.7299999999996,1638.04,674.26,2023-12-17T01:52:00.000Z,4,23,2024-01-08T18:23:00.000Z,false,84,false,60.0,dormant,-0.5196,-1.1832,8548.78
P00032,2024-02-09,influencer,AO,EUR,verified,false,true,2026-07-31T12:25:18.361Z,2571.09,223.13999999999987,2024-02-26T16:45:00.000Z,3,1995.6999999999998,493.63,0.0,2024-02-17T19:20:00.000Z,2,6,2024-02-26T16:45:00.000Z,false,35,false,60.0,active,0.0868,0.1118,1772.56
P00033,2024-03-13,organic,BR,BRL,pending,false,true,2026-07-31T12:25:18.361Z,6197.52,1699.4900000000002,2024-03-26T02:28:00.000Z,12,4276.25,0.0,953.53,2024-03-22T19:20:00.000Z,3,0,2024-03-26T02:28:00.000Z,false,6,false,60.0,active,0.2742,0.3974,2576.76
P00034,2023-08-03,paid_social,BR,BRL,verified,false,true,2026-07-31T12:25:18.361Z,2328.31,2328.31,2023-11-24T18:07:00.000Z,3,2030.1399999999999,0.0,0.0,2023-11-29T18:14:00.000Z,2,74,2023-11-29T18:14:00.000Z,false,124,false,60.0,dormant,1.0,1.1469,-298.17
P00035,2023-09-09,organic,BR,BRL,verified,false,true,2026-07-31T12:25:18.361Z,2987.42,1606.0,2023-09-21T12:54:00.000Z,6,775.87,0.0,0.0,2023-09-12T14:37:00.000Z,1,,2023-09-21T12:54:00.000Z,false,193,false,60.0,dormant,0.5376,2.0699,-830.13
P00036,2023-08-24,unknown,BR,BRL,verified,false,true,2026-07-31T12:25:18.361Z,9700.070000000002,-6488.370000000001,2024-02-15T05:37:00.000Z,18,4129.29,147.6,1022.84,2024-02-01T07:45:00.000Z,5,28,2024-02-15T05:37:00.000Z,false,46,true,70.0,active,-0.6689,-1.5713,10617.66
P00037,2023-11-22,paid_social,BR,BRL,pending,false,true,2026-07-31T12:25:18.361Z,8287.91,-2542.009999999999,2023-12-01T21:43:00.000Z,18,6252.13,417.06,995.12,2023-11-27T22:36:00.000Z,6,1,2023-12-01T21:43:00.000Z,false,122,true,30.0,dormant,-0.3067,-0.4066,8794.14
P00038,2024-03-01,seo,BR,BRL,verified,false,true,2026-07-31T12:25:18.361Z,12923.690000000002,-2149.0699999999997,2024-03-28T21:01:00.000Z,27,3047.93,0.0,2846.5,2024-03-26T12:58:00.000Z,5,3,2024-03-28T21:01:00.000Z,false,4,true,30.0,active,-0.1663,-0.7051,5197.0
P00039,2023-08-11,affiliate,PT,EUR,verified,false,true,2026-07-31T12:25:18.361Z,0.0,0.0,,0,732.4,0.0,0.0,2024-01-08T04:11:00.000Z,1,,2024-01-08T04:11:00.000Z,false,84,false,60.0,dormant,,0.0,732.4
P00040,2024-02-08,affiliate,BR,BRL,pending,true,false,2026-07-31T12:25:18.361Z,7475.349999999999,-4613.840000000001,2024-03-25T16:00:00.000Z,15,324.25,2659.64,0.0,2024-02-14T03:20:00.000Z,1,,2024-03-25T16:00:00.000Z,false,7,false,60.0,active,-0.6172,-14.2293,4938.09
P00041,2023-10-25,affiliate,PT,EUR,verified,false,true,2026-07-31T12:25:18.361Z,1486.08,254.34999999999997,2024-01-11T15:08:00.000Z,3,210.71,0.0,0.0,2024-01-14T14:56:00.000Z,1,,2024-01-14T14:56:00.000Z,false,78,false,60.0,dormant,0.1712,1.2071,-43.64
P00042,2023-09-26,organic,BR,BRL,verified,true,false,2026-07-31T12:25:18.361Z,3113.93,1183.93,2023-11-14T13:35:00.000Z,6,1438.95,0.0,0.0,2023-11-11T02:26:00.000Z,2,18,2023-11-14T13:35:00.000Z,false,139,false,60.0,dormant,0.3802,0.8228,255.02
P00043,2023-11-11,organic,BR,BRL,verified,false,true,2026-07-31T12:25:18.361Z,8235.05,2609.6399999999994,2024-01-30T17:41:00.000Z,21,9720.310000000001,0.0,1898.67,2024-02-02T18:02:00.000Z,8,9,2024-02-02T18:02:00.000Z,false,59,true,30.0,dormant,0.3169,0.2685,7110.67
P00044,2023-08-08,affiliate,BR,BRL,rejected,false,false,2026-07-31T12:25:18.361Z,1812.77,-3205.1000000000004,2023-10-19T02:37:00.000Z,3,2683.06,0.0,0.0,2023-10-07T11:11:00.000Z,3,13,2023-10-19T02:37:00.000Z,false,165,false,60.0,dormant,-1.7681,-1.1946,5888.16
P00045,2024-02-03,influencer,PT,EUR,pending,true,false,2026-07-31T12:25:18.361Z,5630.15,3208.24,2024-02-24T02:00:00.000Z,9,0.0,0.0,0.0,,0,,2024-02-24T02:00:00.000Z,false,37,false,60.0,active,0.5698,,-3208.24
P00046,2023-08-01,affiliate,BR,BRL,verified,false,true,2026-07-31T12:25:18.361Z,6093.779999999999,903.62,2023-10-16T19:36:00.000Z,12,2702.31,0.0,1805.89,2023-10-13T21:45:00.000Z,3,5,2023-10-16T19:36:00.000Z,false,168,false,60.0,dormant,0.1483,0.3344,1798.69
P00047,2024-01-17,organic,PT,EUR,verified,false,true,2026-07-31T12:25:18.361Z,4935.1,-709.5500000000002,2024-03-25T20:43:00.000Z,9,0.0,856.82,0.0,,0,,2024-03-25T20:43:00.000Z,false,7,false,60.0,active,-0.1438,,709.55
P00048,2023-09-02,seo,BR,BRL,pending,false,true,2026-07-31T12:25:18.361Z,6123.7,689.67,2024-01-04T14:11:00.000Z,12,4066.9500000000003,1109.7,2294.46,2023-10-04T23:40:00.000Z,3,10,2024-01-04T14:11:00.000Z,false,88,false,60.0,dormant,0.1126,0.1696,3377.28
P00049,2024-03-01,seo,BR,BRL,verified,false,true,2026-07-31T12:25:18.361Z,0.0,0.0,,0,2640.12,0.0,1774.8,2024-03-21T04:09:00.000Z,2,1,2024-03-21T04:09:00.000Z,false,11,false,60.0,active,,0.0,2640.12
P00050,2023-09-24,affiliate,BR,BRL,verified,false,true,2026-07-31T12:25:18.361Z,5584.0599999999995,-3765.000000000001,2023-10-14T03:03:00.000Z,9,5658.93,0.0,2598.94,2023-10-13T19:47:00.000Z,5,4,2023-10-14T03:03:00.000Z,false,170,true,30.0,dormant,-0.6742,-0.6653,9423.93
P00051,2024-02-26,organic,AO,USD,verified,false,true,2026-07-31T12:25:18.361Z,1448.41,1448.41,2024-03-20T10:26:00.000Z,3,3926.9400000000005,0.0,0.0,2024-03-25T00:03:00.000Z,3,8,2024-03-25T00:03:00.000Z,false,7,false,60.0,active,1.0,0.3688,2478.53
P00052,2024-01-04,influencer,PT,USD,verified,false,true,2026-07-31T12:25:18.361Z,3441.58,2447.7,2024-03-04T11:39:00.000Z,6,440.88,0.0,0.0,2024-03-17T03:13:00.000Z,1,,2024-03-17T03:13:00.000Z,false,15,false,60.0,active,0.7112,5.5519,-2006.82
P00053,2024-01-24,paid_social,BR,BRL,verified,false,true,2026-07-31T12:25:18.361Z,9963.36,-143.47999999999956,2024-03-23T19:32:00.000Z,21,4806.490000000001,645.65,0.0,2024-03-21T09:43:00.000Z,6,8,2024-03-23T19:32:00.000Z,false,9,true,30.0,active,-0.0144,-0.0299,4949.97
P00054,2023-08-13,paid_social,BR,BRL,pending,false,true,2026-07-31T12:25:18.361Z,13760.480000000001,-3890.89,2024-01-07T10:26:00.000Z,27,8015.22,0.0,1698.57,2023-11-24T14:18:00.000Z,6,9,2024-01-07T10:26:00.000Z,false,85,true,30.0,dormant,-0.2828,-0.4854,11906.11
P00055,2023-10-21,influencer,AO,USD,pending,false,true,2026-07-31T12:25:18.361Z,1348.95,-858.53,2024-02-03T03:09:00.000Z,3,2443.67,0.0,0.0,2023-12-13T04:54:00.000Z,2,38,2024-02-03T03:09:00.000Z,false,58,false,60.0,active,-0.6364,-0.3513,3302.2
P00056,2023-09-10,organic,PT,EUR,pending,false,true,2026-07-31T12:25:18.361Z,1354.63,904.8800000000001,2024-01-05T01:29:00.000Z,3,1139.83,327.64,0.0,2024-01-02T16:49:00.000Z,2,1,2024-01-05T01:29:00.000Z,false,87,false,60.0,dormant,0.668,0.7939,234.95
P00057,2024-01-08,organic,BR,BRL,verified,false,true,2026-07-31T12:25:18.361Z,11467.149999999998,-765.31,2024-01-27T01:29:00.000Z,24,4801.88,1474.79,0.0,2024-01-23T00:28:00.000Z,3,6,2024-01-27T01:29:00.000Z,false,65,false,60.0,dormant,-0.0667,-0.1594,5567.19
P00058,2023-09-29,paid_social,BR,BRL,verified,false,true,2026-07-31T12:25:18.361Z,0.0,0.0,,0,1272.04,0.0,0.0,2023-10-01T15:22:00.000Z,1,,2023-10-01T15:22:00.000Z,false,183,false,60.0,dormant,,0.0,1272.04
P00059,2023-11-08,paid_social,AO,USD,verified,true,false,2026-07-31T12:25:18.361Z,982.9599999999999,153.57999999999998,2024-01-27T05:06:00.000Z,3,2182.05,0.0,0.0,2023-12-15T08:43:00.000Z,2,21,2024-01-27T05:06:00.000Z,false,65,false,60.0,dormant,0.1562,0.0704,2028.47
P00060,2023-10-16,seo,PT,EUR,verified,false,true,2026-07-31T12:25:18.361Z,14680.740000000003,2072.13,2024-02-17T21:31:00.000Z,27,2021.3799999999999,0.0,0.0,2024-02-10T23:13:00.000Z,5,9,2024-02-17T21:31:00.000Z,false,44,true,30.0,dormant,0.1411,1.0251,-50.75
P00061,2023-09-26,seo,BR,BRL,verified,false,true,2026-07-31T12:25:18.361Z,0.0,0.0,,0,989.96,0.0,0.0,2023-12-19T01:53:00.000Z,2,24,2023-12-19T01:53:00.000Z,false,104,false,60.0,dormant,,0.0,989.96
P00062,2023-09-02,seo,AO,USD,verified,false,true,2026-07-31T12:25:18.361Z,3440.3999999999996,1982.17,2023-12-14T11:58:00.000Z,6,0.0,0.0,0.0,,0,,2023-12-14T11:58:00.000Z,false,109,false,60.0,dormant,0.5761,,-1982.17
P00063,2023-09-16,affiliate,BR,BRL,verified,false,true,2026-07-31T12:25:18.361Z,3850.03,-73.60999999999986,2023-12-20T01:42:00.000Z,12,4839.24,0.0,0.0,2023-12-10T02:05:00.000Z,4,19,2023-12-20T01:42:00.000Z,false,103,false,60.0,dormant,-0.0191,-0.0152,4912.85
P00064,2023-10-04,unknown,PT,EUR,rejected,false,false,2026-07-31T12:25:18.361Z,4081.2299999999996,-3126.3499999999995,2024-02-22T10:44:00.000Z,9,0.0,0.0,0.0,,0,,2024-02-22T10:44:00.000Z,false,39,false,60.0,active,-0.766,,3126.35
P00065,2023-08-11,affiliate,PT,EUR,verified,false,true,2026-07-31T12:25:18.361Z,3064.43,328.41999999999996,2023-09-07T00:36:00.000Z,6,0.0,0.0,0.0,,0,,2023-09-07T00:36:00.000Z,false,207,false,60.0,dormant,0.1072,,-328.42
P00066,2023-12-23,organic,AO,USD,verified,false,true,2026-07-31T12:25:18.361Z,12565.589999999998,-5760.83,2024-01-06T22:48:00.000Z,24,4871.58,0.0,232.52,2024-01-05T18:20:00.000Z,6,3,2024-01-06T22:48:00.000Z,false,86,true,30.0,dormant,-0.4585,-1.1825,10632.41
P00067,2024-02-16,paid_social,PT,EUR,pending,false,true,2026-07-31T12:25:18.361Z,2920.4,2920.4,2024-03-11T16:05:00.000Z,6,0.0,0.0,1102.73,,0,,2024-03-11T16:05:00.000Z,false,21,false,60.0,active,1.0,,-2920.4
P00068,2023-11-10,affiliate,AO,EUR,verified,false,true,2026-07-31T12:25:18.361Z,11101.91,-4638.75,2023-12-08T10:33:00.000Z,21,6998.35,482.88,1066.08,2023-12-07T05:17:00.000Z,6,5,2023-12-08T10:33:00.000Z,false,115,true,30.0,dormant,-0.4178,-0.6628,11637.1
P00069,2024-02-20,organic,AO,USD,verified,false,true,2026-07-31T12:25:18.361Z,4775.09,-3315.96,2024-02-20T23:07:00.000Z,9,83.0,1562.88,905.77,2024-02-20T00:35:00.000Z,1,,2024-02-20T23:07:00.000Z,false,41,false,60.0,active,-0.6944,-39.9513,3398.96
P00070,2024-03-05,seo,BR,BRL,verified,false,true,2026-07-31T12:25:18.361Z,4715.38,-964.0699999999999,2024-03-18T20:05:00.000Z,12,5680.530000000001,0.0,1010.22,2024-03-18T09:42:00.000Z,5,3,2024-03-18T20:05:00.000Z,false,14,true,30.0,active,-0.2045,-0.1697,6644.6
P00071,2023-09-15,organic,PT,EUR,pending,false,true,2026-07-31T12:25:18.361Z,13284.68,1768.4999999999995,2024-03-02T07:04:00.000Z,30,3931.94,4789.77,0.0,2024-03-05T14:32:00.000Z,6,5,2024-03-05T14:32:00.000Z,false,27,true,30.0,active,0.1331,0.4498,2163.44
P00072,2023-12-30,paid_social,BR,BRL,verified,false,true,2026-07-31T12:25:18.361Z,5798.17,1558.2699999999998,2024-03-01T20:14:00.000Z,12,5509.59,0.0,1702.24,2024-03-03T17:35:00.000Z,5,13,2024-03-03T17:35:00.000Z,false,29,true,33.0,active,0.2688,0.2828,3951.32
P00073,2023-11-06,organic,BR,BRL,verified,false,true,2026-07-31T12:25:18.361Z,9263.640000000001,-1190.2799999999997,2024-01-14T19:53:00.000Z,18,7251.200000000001,1000.94,1376.04,2024-02-12T08:45:00.000Z,6,7,2024-02-12T08:45:00.000Z,false,49,true,30.0,dormant,-0.1285,-0.1641,8441.48
P00074,2023-12-21,paid_social,BR,BRL,verified,false,true,2026-07-31T12:25:18.361Z,0.0,0.0,,0,0.0,0.0,0.0,,0,,,true,,false,60.0,never_converted,,,0.0
P00075,2024-01-13,paid_social,PT,EUR,verified,false,true,2026-07-31T12:25:18.361Z,10461.719999999998,-977.7499999999999,2024-03-24T10:24:00.000Z,24,5073.469999999999,0.0,901.1,2024-03-22T02:21:00.000Z,7,7,2024-03-24T10:24:00.000Z,false,8,true,30.0,active,-0.0935,-0.1927,6051.22
P00076,2023-11-03,seo,BR,BRL,verified,false,true,2026-07-31T12:25:18.361Z,3410.29,-2854.1000000000004,2024-01-13T10:39:00.000Z,6,2817.85,0.0,0.0,2024-01-07T21:12:00.000Z,2,24,2024-01-13T10:39:00.000Z,false,79,false,60.0,dormant,-0.8369,-1.0129,5671.95
P00077,2023-10-04,organic,BR,BRL,verified,false,true,2026-07-31T12:25:18.361Z,7456.6900000000005,-2897.22,2023-11-26T12:39:00.000Z,15,1370.35,0.0,1666.06,2023-11-14T00:45:00.000Z,2,1,2023-11-26T12:39:00.000Z,false,127,false,60.0,dormant,-0.3885,-2.1142,4267.57
P00078,2024-02-06,influencer,BR,BRL,rejected,false,false,2026-07-31T12:25:18.361Z,14062.94,-9144.12,2024-02-29T02:51:00.000Z,30,9434.609999999999,0.0,0.0,2024-02-29T22:09:00.000Z,9,2,2024-02-29T22:09:00.000Z,false,32,true,30.0,dormant,-0.6502,-0.9692,18578.73
P00079,2023-09-15,affiliate,BR,BRL,rejected,false,false,2026-07-31T12:25:18.361Z,2839.32,1263.07,2023-10-17T18:35:00.000Z,6,0.0,0.0,0.0,,0,,2023-10-17T18:35:00.000Z,false,167,false,60.0,dormant,0.4448,,-1263.07
P00080,2024-01-11,paid_social,PT,EUR,verified,false,true,2026-07-31T12:25:18.361Z,0.0,0.0,,0,1119.9,0.0,0.0,2024-01-11T22:19:00.000Z,1,,2024-01-11T22:19:00.000Z,false,81,false,60.0,dormant,,0.0,1119.9
P00081,2023-10-04,paid_social,AO,USD,verified,false,true,2026-07-31T12:25:18.361Z,16004.409999999994,6673.939999999998,2023-11-09T11:03:00.000Z,30,3059.2000000000003,1887.64,1830.09,2023-10-25T04:04:00.000Z,4,7,2023-11-09T11:03:00.000Z,false,144,false,60.0,dormant,0.417,2.1816,-3614.74
P00082,2024-02-24,affiliate,BR,BRL,verified,false,true,2026-07-31T12:25:18.361Z,11435.799999999997,866.0200000000006,2024-03-09T01:07:00.000Z,27,4185.59,1625.01,0.0,2024-03-08T16:40:00.000Z,4,1,2024-03-09T01:07:00.000Z,false,23,false,60.0,active,0.0757,0.2069,3319.57
P00083,2024-02-15,seo,BR,BRL,verified,false,true,2026-07-31T12:25:18.361Z,0.0,0.0,,0,0.0,0.0,0.0,,0,,,true,,false,60.0,never_converted,,,0.0
P00084,2024-01-04,affiliate,AO,BRL,verified,false,true,2026-07-31T12:25:18.361Z,0.0,0.0,,0,0.0,0.0,0.0,,0,,,true,,false,60.0,never_converted,,,0.0
P00085,2023-08-01,seo,BR,BRL,verified,false,true,2026-07-31T12:25:18.361Z,7356.150000000001,323.1100000000002,2023-11-12T21:24:00.000Z,15,1999.79,0.0,0.0,2023-11-17T07:37:00.000Z,3,25,2023-11-17T07:37:00.000Z,false,136,false,60.0,dormant,0.0439,0.1616,1676.68
P00086,2023-08-19,influencer,BR,BRL,pending,false,true,2026-07-31T12:25:18.361Z,0.0,0.0,,0,2668.05,0.0,0.0,2023-10-19T02:32:00.000Z,2,27,2023-10-19T02:32:00.000Z,false,165,false,60.0,dormant,,0.0,2668.05
P00087,2023-09-08,unknown,AO,USD,verified,false,true,2026-07-31T12:25:18.361Z,256.92,-106.43,2023-11-10T02:38:00.000Z,3,1154.62,0.0,0.0,2023-11-04T20:09:00.000Z,1,,2023-11-10T02:38:00.000Z,false,143,false,60.0,dormant,-0.4143,-0.0922,1261.05
P00088,2023-11-21,seo,BR,BRL,verified,false,true,2026-07-31T12:25:18.361Z,4417.81,1193.9599999999998,2023-12-01T21:03:00.000Z,9,2720.64,0.0,0.0,2023-11-26T03:42:00.000Z,3,2,2023-12-01T21:03:00.000Z,false,122,false,60.0,dormant,0.2703,0.4389,1526.68
P00089,2024-03-15,unknown,BR,BRL,verified,false,true,2026-07-31T12:25:18.361Z,14608.990000000003,4107.4,2024-03-15T22:37:00.000Z,30,5089.32,0.0,783.84,2024-03-15T10:08:00.000Z,6,0,2024-03-15T22:37:00.000Z,false,17,true,30.0,active,0.2812,0.8071,981.92
P00090,2024-02-12,paid_social,BR,BRL,verified,false,true,2026-07-31T12:25:18.361Z,4381.06,-746.3100000000001,2024-02-29T12:25:00.000Z,9,0.0,0.0,0.0,,0,,2024-02-29T12:25:00.000Z,false,32,false,60.0,active,-0.1703,,746.31
P00091,2023-09-16,seo,AO,USD,verified,false,true,2026-07-31T12:25:18.361Z,2991.17,-1642.91,2023-10-11T11:17:00.000Z,9,1877.68,0.0,0.0,2023-09-17T07:36:00.000Z,1,,2023-10-11T11:17:00.000Z,false,173,false,60.0,dormant,-0.5493,-0.875,3520.59
P00092,2024-03-07,seo,BR,BRL,pending,false,true,2026-07-31T12:25:18.361Z,12462.270000000002,261.4200000000003,2024-03-21T18:35:00.000Z,24,4731.52,0.0,0.0,2024-03-21T01:28:00.000Z,3,5,2024-03-21T18:35:00.000Z,false,11,false,60.0,active,0.021,0.0553,4470.1
P00093,2023-08-23,seo,BR,BRL,pending,false,true,2026-07-31T12:25:18.361Z,0.0,0.0,,0,1848.59,0.0,0.0,2023-11-23T00:24:00.000Z,1,,2023-11-23T00:24:00.000Z,false,130,false,60.0,dormant,,0.0,1848.59
P00094,2023-11-14,influencer,BR,BRL,verified,false,true,2026-07-31T12:25:18.361Z,9535.01,-626.9299999999997,2023-12-12T03:30:00.000Z,15,3729.08,886.46,3084.27,2023-12-16T21:34:00.000Z,5,6,2023-12-16T21:34:00.000Z,false,107,true,30.0,dormant,-0.0658,-0.1681,4356.01
P00095,2023-10-13,unknown,BR,BRL,verified,false,true,2026-07-31T12:25:18.361Z,6395.27,-144.7499999999999,2023-12-17T01:24:00.000Z,15,8282.1,0.0,0.0,2023-12-20T15:48:00.000Z,8,7,2023-12-20T15:48:00.000Z,false,103,true,30.0,dormant,-0.0226,-0.0175,8426.85
P00096,2023-12-20,affiliate,BR,BRL,pending,false,true,2026-07-31T12:25:18.361Z,1564.7000000000003,-125.66000000000005,2023-12-30T05:47:00.000Z,3,0.0,0.0,0.0,,0,,2023-12-30T05:47:00.000Z,false,93,false,60.0,dormant,-0.0803,,125.66
P00097,2023-12-06,organic,AO,USD,verified,false,true,2026-07-31T12:25:18.361Z,5152.7,2607.0199999999995,2023-12-15T01:46:00.000Z,9,2102.39,0.0,0.0,2023-12-22T10:14:00.000Z,3,4,2023-12-22T10:14:00.000Z,false,101,false,60.0,dormant,0.506,1.24,-504.63
P00098,2023-11-07,affiliate,BR,BRL,verified,false,true,2026-07-31T12:25:18.361Z,11135.25,-3553.6900000000005,2024-03-14T00:52:00.000Z,24,5007.23,1327.29,0.0,2024-02-18T01:04:00.000Z,5,5,2024-03-14T00:52:00.000Z,false,18,true,30.0,active,-0.3191,-0.7097,8560.92
P00099,2023-10-08,organic,PT,EUR,verified,false,true,2026-07-31T12:25:18.361Z,13434.48,-3004.71,2024-01-30T09:44:00.000Z,27,5393.029999999999,2759.23,0.0,2024-01-26T18:14:00.000Z,5,19,2024-01-30T09:44:00.000Z,false,62,true,48.0,dormant,-0.2237,-0.5571,8397.74
P00100,2023-12-16,influencer,BR,BRL,pending,false,true,2026-07-31T12:25:18.361Z,5716.260000000001,3548.2300000000005,2024-01-13T02:05:00.000Z,12,5787.8,1007.07,1382.06,2024-01-15T11:02:00.000Z,5,3,2024-01-15T11:02:00.000Z,false,77,true,30.0,dormant,0.6207,0.6131,2239.57
P00101,2023-12-25,unknown,BR,BRL,verified,false,true,2026-07-31T12:25:18.361Z,10941.479999999998,-4663.700000000001,2024-02-07T14:26:00.000Z,24,3611.19,0.0,0.0,2024-02-07T15:24:00.000Z,3,5,2024-02-07T15:24:00.000Z,false,54,false,60.0,active,-0.4262,-1.2915,8274.89
P00102,2024-01-17,affiliate,PT,EUR,verified,false,true,2026-07-31T12:25:18.361Z,4473.03,-610.6299999999999,2024-01-28T18:19:00.000Z,9,1366.0,0.0,0.0,2024-01-28T08:36:00.000Z,2,4,2024-01-28T18:19:00.000Z,false,64,false,60.0,dormant,-0.1365,-0.447,1976.63
P00103,2024-03-11,paid_social,PT,USD,verified,false,true,2026-07-31T12:25:18.361Z,3164.8900000000003,1349.94,2024-03-18T22:09:00.000Z,9,2094.8599999999997,0.0,1815.19,2024-03-23T09:00:00.000Z,2,2,2024-03-23T09:00:00.000Z,false,9,false,60.0,active,0.4265,0.6444,744.92
P00104,2024-02-17,seo,AO,USD,pending,false,true,2026-07-31T12:25:18.361Z,4987.540000000001,1132.1200000000001,2024-03-11T22:00:00.000Z,9,3897.16,0.0,0.0,2024-03-02T11:51:00.000Z,5,3,2024-03-11T22:00:00.000Z,false,21,true,30.0,active,0.227,0.2905,2765.04
P00105,2023-10-21,seo,BR,BRL,verified,false,true,2026-07-31T12:25:18.361Z,3929.54,-4131.49,2023-12-29T12:47:00.000Z,9,1905.29,0.0,1915.36,2023-12-03T21:05:00.000Z,2,23,2023-12-29T12:47:00.000Z,false,94,false,60.0,dormant,-1.0514,-2.1684,6036.78
P00106,2023-09-28,paid_social,PT,EUR,verified,false,true,2026-07-31T12:25:18.361Z,0.0,0.0,,0,1701.08,1462.71,0.0,2023-11-24T16:42:00.000Z,2,25,2023-11-24T16:42:00.000Z,false,129,false,60.0,dormant,,0.0,1701.08
P00107,2023-08-08,organic,BR,BRL,verified,false,true,2026-07-31T12:25:18.361Z,784.3499999999999,109.12,2023-11-16T16:15:00.000Z,3,0.0,0.0,0.0,,0,,2023-11-16T16:15:00.000Z,false,137,false,60.0,dormant,0.1391,,-109.12
P00108,2024-02-19,seo,BR,EUR,verified,false,true,2026-07-31T12:25:18.361Z,9024.31,1706.0100000000002,2024-03-13T02:18:00.000Z,15,2054.74,0.0,688.35,2024-03-19T07:48:00.000Z,3,5,2024-03-19T07:48:00.000Z,false,13,false,60.0,active,0.189,0.8303,348.73
P00109,2024-01-11,paid_social,BR,BRL,verified,false,true,2026-07-31T12:25:18.361Z,2198.86,2198.86,2024-01-20T07:27:00.000Z,3,3230.52,0.0,0.0,2024-01-19T02:38:00.000Z,2,1,2024-01-20T07:27:00.000Z,false,72,false,60.0,dormant,1.0,0.6807,1031.66
P00110,2023-11-22,organic,AO,USD,verified,false,true,2026-07-31T12:25:18.361Z,4041.15,-914.1700000000001,2024-01-03T16:42:00.000Z,9,570.36,0.0,0.0,2023-12-14T05:26:00.000Z,2,6,2024-01-03T16:42:00.000Z,false,89,false,60.0,dormant,-0.2262,-1.6028,1484.53
P00111,2023-11-07,influencer,PT,USD,verified,true,false,2026-07-31T12:25:18.361Z,13454.349999999999,-115.60999999999967,2024-02-09T05:48:00.000Z,30,9602.6,68.33,0.0,2024-02-13T22:08:00.000Z,8,7,2024-02-13T22:08:00.000Z,false,48,true,30.0,dormant,-0.0086,-0.012,9718.21
P00112,2023-10-10,paid_social,BR,BRL,verified,false,true,2026-07-31T12:25:18.361Z,8440.25,-1557.83,2023-12-07T22:25:00.000Z,21,3088.47,0.0,0.0,2023-11-08T17:09:00.000Z,4,11,2023-12-07T22:25:00.000Z,false,116,false,60.0,dormant,-0.1846,-0.5044,4646.3
P00113,2024-01-03,affiliate,PT,EUR,verified,false,true,2026-07-31T12:25:18.361Z,5403.04,-983.4500000000002,2024-01-20T11:45:00.000Z,12,5685.12,0.0,0.0,2024-01-19T22:59:00.000Z,7,2,2024-01-20T11:45:00.000Z,false,72,true,30.0,dormant,-0.182,-0.173,6668.57
P00114,2024-01-08,paid_social,BR,BRL,verified,false,true,2026-07-31T12:25:18.361Z,4385.6900000000005,-372.55000000000007,2024-01-18T10:32:00.000Z,9,2191.8199999999997,1865.16,0.0,2024-01-19T02:05:00.000Z,2,6,2024-01-19T02:05:00.000Z,false,73,false,60.0,dormant,-0.0849,-0.17,2564.37
P00115,2023-10-15,affiliate,BR,BRL,verified,true,false,2026-07-31T12:25:18.361Z,27521.619999999995,1370.5500000000009,2023-11-05T11:26:00.000Z,57,14310.16,1464.08,5230.59,2023-11-05T15:49:00.000Z,14,1,2023-11-05T15:49:00.000Z,false,148,true,30.0,dormant,0.0498,0.0958,12939.61
P00116,2023-10-05,organic,AO,USD,verified,false,true,2026-07-31T12:25:18.361Z,0.0,0.0,,0,680.78,0.0,2018.56,2023-11-01T11:24:00.000Z,1,,2023-11-01T11:24:00.000Z,false,152,false,60.0,dormant,,0.0,680.78
P00117,2024-02-10,seo,AO,USD,pending,false,true,2026-07-31T12:25:18.361Z,0.0,0.0,,0,2857.01,0.0,0.0,2024-02-10T16:18:00.000Z,2,0,2024-02-10T16:18:00.000Z,false,51,false,60.0,active,,0.0,2857.01
P00118,2023-10-07,organic,BR,BRL,pending,true,false,2026-07-31T12:25:18.361Z,39321.509999999995,4904.290000000001,2023-12-06T07:02:00.000Z,87,12024.99,4489.3,566.73,2024-02-12T23:51:00.000Z,13,3,2024-02-12T23:51:00.000Z,false,49,true,30.0,dormant,0.1247,0.4078,7120.7
P00119,2023-08-07,organic,BR,BRL,verified,false,true,2026-07-31T12:25:18.361Z,0.0,0.0,,0,0.0,0.0,0.0,,0,,,true,,false,60.0,never_converted,,,0.0
P00120,2024-01-27,unknown,BR,BRL,verified,true,false,2026-07-31T12:25:18.361Z,39609.18,-6406.760000000004,2024-01-27T23:52:00.000Z,72,11210.92,0.0,2253.04,2024-01-27T21:01:00.000Z,10,0,2024-01-27T23:52:00.000Z,false,65,true,30.0,dormant,-0.1617,-0.5715,17617.68
P00121,2023-11-08,influencer,BR,BRL,verified,false,true,2026-07-31T12:25:18.361Z,1915.5100000000002,-1886.25,2023-11-24T14:16:00.000Z,3,0.0,0.0,0.0,,0,,2023-11-24T14:16:00.000Z,false,129,false,60.0,dormant,-0.9847,,1886.25
P00122,2024-03-01,unknown,BR,BRL,verified,false,true,2026-07-31T12:25:18.361Z,592.1899999999999,-283.39,2024-03-24T09:02:00.000Z,3,1269.2,0.0,1270.3,2024-03-22T23:32:00.000Z,1,,2024-03-24T09:02:00.000Z,false,8,false,60.0,active,-0.4785,-0.2233,1552.59
P00123,2023-11-01,influencer,BR,BRL,verified,false,true,2026-07-31T12:25:18.361Z,3678.04,-2886.29,2023-11-25T02:37:00.000Z,9,0.0,0.0,0.0,,0,,2023-11-25T02:37:00.000Z,false,128,false,60.0,dormant,-0.7847,,2886.29
P00124,2024-03-05,influencer,PT,BRL,verified,false,true,2026-07-31T12:25:18.361Z,0.0,0.0,,0,2824.71,0.0,0.0,2024-03-21T03:15:00.000Z,2,9,2024-03-21T03:15:00.000Z,false,11,false,60.0,active,,0.0,2824.71
P00125,2023-12-23,influencer,BR,BRL,verified,false,true,2026-07-31T12:25:18.361Z,8193.28,-5822.07,2024-01-07T11:22:00.000Z,15,5642.28,0.0,888.63,2024-01-10T22:07:00.000Z,4,5,2024-01-10T22:07:00.000Z,false,82,false,60.0,dormant,-0.7106,-1.0319,11464.35
P00126,2024-02-18,affiliate,AO,BRL,verified,false,true,2026-07-31T12:25:18.361Z,0.0,0.0,,0,1632.2400000000002,0.0,1469.58,2024-02-22T03:01:00.000Z,2,0,2024-02-22T03:01:00.000Z,false,39,false,60.0,active,,0.0,1632.24
P00127,2023-08-04,influencer,BR,BRL,verified,false,true,2026-07-31T12:25:18.361Z,0.0,0.0,,0,1784.92,0.0,0.0,2023-11-07T02:14:00.000Z,2,75,2023-11-07T02:14:00.000Z,false,146,false,60.0,dormant,,0.0,1784.92
P00128,2023-08-30,organic,PT,EUR,verified,false,true,2026-07-31T12:25:18.361Z,4323.77,-3099.3199999999997,2023-09-08T20:18:00.000Z,9,0.0,0.0,0.0,,0,,2023-09-08T20:18:00.000Z,false,206,false,60.0,dormant,-0.7168,,3099.32
P00129,2024-02-03,influencer,PT,EUR,verified,false,true,2026-07-31T12:25:18.361Z,3574.64,2675.21,2024-03-18T12:03:00.000Z,6,640.18,1899.5100000000002,0.0,2024-03-13T03:25:00.000Z,1,,2024-03-18T12:03:00.000Z,false,14,false,60.0,active,0.7484,4.1788,-2035.03
P00130,2023-11-11,unknown,BR,EUR,verified,false,true,2026-07-31T12:25:18.361Z,14414.979999999994,7030.089999999999,2024-01-19T02:53:00.000Z,24,1952.1799999999998,818.59,0.0,2024-01-17T01:29:00.000Z,2,62,2024-01-19T02:53:00.000Z,false,73,false,60.0,dormant,0.4877,3.6011,-5077.91
P00131,2024-01-07,organic,BR,BRL,verified,false,true,2026-07-31T12:25:18.361Z,3257.23,2120.77,2024-02-29T00:54:00.000Z,9,4346.76,0.0,0.0,2024-02-09T08:56:00.000Z,3,14,2024-02-29T00:54:00.000Z,false,32,false,60.0,active,0.6511,0.4879,2225.99
P00132,2023-08-26,influencer,PT,EUR,verified,false,true,2026-07-31T12:25:18.361Z,3502.2799999999997,1408.2299999999998,2023-11-18T02:38:00.000Z,6,0.0,0.0,0.0,,0,,2023-11-18T02:38:00.000Z,false,135,false,60.0,dormant,0.4021,,-1408.23
P00133,2024-02-28,paid_social,BR,BRL,verified,false,true,2026-07-31T12:25:18.361Z,3728.75,3061.89,2024-03-20T04:56:00.000Z,6,1793.94,0.0,0.0,2024-03-23T07:20:00.000Z,1,,2024-03-23T07:20:00.000Z,false,9,false,60.0,active,0.8212,1.7068,-1267.95
P00134,2023-08-18,paid_social,BR,USD,verified,false,true,2026-07-31T12:25:18.361Z,939.26,939.26,2023-10-02T12:56:00.000Z,3,2069.54,0.0,1398.85,2023-09-18T10:24:00.000Z,2,25,2023-10-02T12:56:00.000Z,false,182,false,60.0,dormant,1.0,0.4538,1130.28
P00135,2023-12-22,seo,BR,USD,verified,false,true,2026-07-31T12:25:18.361Z,43705.34999999999,-5092.199999999998,2024-02-04T13:04:00.000Z,84,22057.01,4459.83,1705.1399999999999,2024-02-05T08:40:00.000Z,21,2,2024-02-05T08:40:00.000Z,false,56,true,30.0,dormant,-0.1165,-0.2309,27149.21
P00136,2023-08-27,seo,BR,BRL,verified,false,true,2026-07-31T12:25:18.361Z,11208.89,-2060.4700000000003,2024-03-08T21:31:00.000Z,24,6557.05,0.0,0.0,2024-01-18T02:43:00.000Z,7,15,2024-03-08T21:31:00.000Z,false,24,true,38.0,active,-0.1838,-0.3142,8617.52
P00137,2023-10-11,influencer,BR,BRL,pending,false,true,2026-07-31T12:25:18.361Z,12556.73,-388.26000000000056,2023-10-17T23:36:00.000Z,24,3740.5499999999997,241.59,992.77,2023-10-13T01:29:00.000Z,3,1,2023-10-17T23:36:00.000Z,false,167,false,60.0,dormant,-0.0309,-0.1038,4128.81
P00138,2024-01-03,unknown,AO,USD,verified,false,true,2026-07-31T12:25:18.361Z,13242.63,6349.58,2024-02-16T14:41:00.000Z,24,4733.4,0.0,0.0,2024-02-13T15:34:00.000Z,7,4,2024-02-16T14:41:00.000Z,false,45,true,30.0,dormant,0.4795,1.3414,-1616.18
P00139,2023-08-02,unknown,BR,EUR,verified,false,true,2026-07-31T12:25:18.361Z,44720.37000000002,-3342.7900000000004,2023-12-14T03:17:00.000Z,84,26484.699999999993,945.86,1045.33,2023-11-29T09:14:00.000Z,21,4,2023-12-14T03:17:00.000Z,false,109,true,30.0,dormant,-0.0747,-0.1262,29827.49
P00140,2023-09-25,affiliate,BR,BRL,verified,false,true,2026-07-31T12:25:18.361Z,12045.150000000001,3776.9699999999993,2023-10-16T04:15:00.000Z,27,3238.9,575.04,1727.3,2023-10-08T19:24:00.000Z,3,2,2023-10-16T04:15:00.000Z,false,168,false,60.0,dormant,0.3136,1.1661,-538.07
P00141,2024-03-14,paid_social,BR,EUR,verified,false,true,2026-07-31T12:25:18.361Z,5279.579999999999,-1592.8299999999997,2024-03-28T00:45:00.000Z,12,4236.54,0.0,1076.5,2024-03-25T11:37:00.000Z,3,3,2024-03-28T00:45:00.000Z,false,4,false,60.0,active,-0.3017,-0.376,5829.37
P00142,2023-11-15,paid_social,BR,BRL,verified,false,true,2026-07-31T12:25:18.361Z,12191.380000000001,3889.419999999999,2024-03-27T00:21:00.000Z,27,9499.03,0.0,0.0,2024-03-18T23:09:00.000Z,10,8,2024-03-27T00:21:00.000Z,false,5,true,30.0,active,0.319,0.4095,5609.61
P00143,2024-01-18,unknown,BR,BRL,verified,false,true,2026-07-31T12:25:18.361Z,40394.63,7535.510000000001,2024-02-19T09:49:00.000Z,81,23506.699999999993,1292.98,553.57,2024-02-18T14:06:00.000Z,23,1,2024-02-19T09:49:00.000Z,false,42,true,30.0,dormant,0.1865,0.3206,15971.19
P00144,2023-10-14,seo,BR,EUR,verified,false,true,2026-07-31T12:25:18.361Z,6561.970000000001,205.0999999999999,2024-01-10T17:15:00.000Z,12,5533.19,1731.93,0.0,2024-01-05T01:11:00.000Z,8,7,2024-01-10T17:15:00.000Z,false,82,true,30.0,dormant,0.0313,0.0371,5328.09
P00145,2023-08-19,unknown,BR,BRL,pending,false,true,2026-07-31T12:25:18.361Z,11902.920000000002,677.9100000000003,2024-01-09T10:07:00.000Z,21,7751.849999999999,853.46,0.0,2024-02-12T00:46:00.000Z,6,14,2024-02-12T00:46:00.000Z,false,49,true,35.0,dormant,0.057,0.0875,7073.94
P00146,2023-11-12,paid_social,PT,EUR,rejected,false,false,2026-07-31T12:25:18.361Z,0.0,0.0,,0,1755.84,0.0,0.0,2024-02-11T18:22:00.000Z,1,,2024-02-11T18:22:00.000Z,false,50,false,60.0,active,,0.0,1755.84
P00147,2024-02-29,seo,BR,BRL,verified,false,true,2026-07-31T12:25:18.361Z,0.0,0.0,,0,2127.71,424.21,0.0,2024-03-21T02:54:00.000Z,2,10,2024-03-21T02:54:00.000Z,false,11,false,60.0,active,,0.0,2127.71
P00148,2024-03-10,organic,BR,BRL,verified,false,true,2026-07-31T12:25:18.361Z,13246.589999999998,-4026.61,2024-03-16T18:30:00.000Z,27,10178.93,0.0,701.87,2024-03-16T03:18:00.000Z,9,1,2024-03-16T18:30:00.000Z,false,16,true,30.0,active,-0.304,-0.3956,14205.54
P00149,2024-02-15,affiliate,BR,BRL,verified,false,true,2026-07-31T12:25:18.361Z,1546.33,702.1,2024-03-27T08:38:00.000Z,3,1815.88,0.0,0.0,2024-03-26T11:14:00.000Z,1,,2024-03-27T08:38:00.000Z,false,5,false,60.0,active,0.454,0.3866,1113.78
P00150,2023-08-20,seo,BR,BRL,verified,false,true,2026-07-31T12:25:18.361Z,2647.9700000000003,2647.9700000000003,2023-12-12T19:37:00.000Z,3,0.0,0.0,0.0,,0,,2023-12-12T19:37:00.000Z,false,111,false,60.0,dormant,1.0,,-2647.97
P00151,2024-01-12,organic,BR,BRL,verified,false,true,2026-07-31T12:25:18.361Z,0.0,0.0,,0,4681.05,0.0,0.0,2024-02-14T19:17:00.000Z,3,14,2024-02-14T19:17:00.000Z,false,47,false,60.0,active,,0.0,4681.05
P00152,2023-12-30,organic,BR,BRL,verified,false,true,2026-07-31T12:25:18.361Z,0.0,0.0,,0,4270.360000000001,0.0,0.0,2024-03-10T02:22:00.000Z,3,10,2024-03-10T02:22:00.000Z,false,22,false,60.0,active,,0.0,4270.36
P00153,2024-03-09,influencer,AO,EUR,verified,false,true,2026-07-31T12:25:18.361Z,28072.749999999996,163.51000000000016,2024-03-10T23:51:00.000Z,69,12572.11,553.98,3246.7299999999996,2024-03-10T16:13:00.000Z,14,0,2024-03-10T23:51:00.000Z,false,22,true,30.0,active,0.0058,0.013,12408.6
P00154,2023-11-24,affiliate,AO,USD,verified,false,true,2026-07-31T12:25:18.361Z,2817.28,948.0100000000002,2023-12-19T18:15:00.000Z,6,729.48,0.0,0.0,2023-12-18T22:39:00.000Z,2,6,2023-12-19T18:15:00.000Z,false,104,false,60.0,dormant,0.3365,1.2996,-218.53
P00155,2024-02-24,paid_social,PT,EUR,verified,false,true,2026-07-31T12:25:18.361Z,3790.12,1770.7600000000002,2024-03-23T23:45:00.000Z,9,382.94,0.0,0.0,2024-03-17T16:57:00.000Z,1,,2024-03-23T23:45:00.000Z,false,9,false,60.0,active,0.4672,4.6241,-1387.82
P00156,2023-12-13,organic,BR,USD,verified,false,true,2026-07-31T12:25:18.361Z,11484.800000000001,2380.8,2024-03-01T13:09:00.000Z,24,4438.65,0.0,0.0,2024-01-29T05:22:00.000Z,5,1,2024-03-01T13:09:00.000Z,false,31,true,30.0,dormant,0.2073,0.5364,2057.85
P00157,2024-01-13,influencer,BR,BRL,verified,false,true,2026-07-31T12:25:18.361Z,10231.93,3013.02,2024-03-30T13:00:00.000Z,18,8052.549999999999,3437.99,0.0,2024-03-25T01:30:00.000Z,8,12,2024-03-30T13:00:00.000Z,false,2,true,30.0,active,0.2945,0.3742,5039.53
P00158,2024-03-11,affiliate,BR,EUR,verified,false,true,2026-07-31T12:25:18.361Z,13354.270000000004,4526.399999999999,2024-03-15T07:35:00.000Z,24,7847.2300000000005,1157.18,0.0,2024-03-15T15:44:00.000Z,7,0,2024-03-15T15:44:00.000Z,false,17,true,30.0,active,0.3389,0.5768,3320.83
P00159,2023-12-31,seo,PT,EUR,verified,false,true,2026-07-31T12:25:18.361Z,2979.5,-1016.1099999999999,2024-01-31T06:26:00.000Z,6,0.0,0.0,0.0,,0,,2024-01-31T06:26:00.000Z,false,61,false,60.0,dormant,-0.341,,1016.11
P00160,2023-12-13,influencer,BR,BRL,verified,false,true,2026-07-31T12:25:18.361Z,3520.38,-1923.7799999999995,2024-03-13T06:33:00.000Z,9,1486.1100000000001,0.0,0.0,2024-02-16T12:09:00.000Z,2,25,2024-03-13T06:33:00.000Z,false,19,false,60.0,active,-0.5465,-1.2945,3409.89
P00161,2023-12-03,unknown,BR,BRL,pending,false,true,2026-07-31T12:25:18.361Z,0.0,0.0,,0,2288.73,0.0,1751.26,2024-02-22T11:59:00.000Z,2,72,2024-02-22T11:59:00.000Z,false,39,false,60.0,active,,0.0,2288.73
P00162,2024-02-06,influencer,PT,USD,verified,false,true,2026-07-31T12:25:18.361Z,1276.8600000000001,123.3599999999999,2024-03-09T21:43:00.000Z,3,1464.73,0.0,0.0,2024-03-20T06:09:00.000Z,2,43,2024-03-20T06:09:00.000Z,false,12,false,60.0,active,0.0966,0.0842,1341.37
P00163,2024-01-07,paid_social,PT,USD,verified,false,true,2026-07-31T12:25:18.361Z,704.15,77.73000000000002,2024-01-30T02:57:00.000Z,3,0.0,0.0,950.22,,0,,2024-01-30T02:57:00.000Z,false,62,false,60.0,dormant,0.1104,,-77.73
P00164,2024-02-09,influencer,PT,EUR,rejected,false,false,2026-07-31T12:25:18.361Z,6653.910000000001,3206.9100000000003,2024-02-21T12:19:00.000Z,21,2252.05,0.0,888.24,2024-02-17T00:52:00.000Z,2,7,2024-02-21T12:19:00.000Z,false,40,false,60.0,active,0.482,1.424,-954.86
P00165,2023-11-03,seo,BR,BRL,verified,false,true,2026-07-31T12:25:18.361Z,5040.8,-516.04,2023-12-10T12:21:00.000Z,9,878.37,0.0,0.0,2023-11-11T01:01:00.000Z,1,,2023-12-10T12:21:00.000Z,false,113,false,60.0,dormant,-0.1024,-0.5875,1394.41
P00166,2024-02-26,unknown,BR,BRL,verified,false,true,2026-07-31T12:25:18.361Z,6269.29,1460.25,2024-03-27T21:05:00.000Z,9,248.35000000000002,0.0,450.53,2024-03-24T12:30:00.000Z,2,20,2024-03-27T21:05:00.000Z,false,5,false,60.0,active,0.2329,5.8798,-1211.9
P00167,2024-03-05,organic,BR,BRL,verified,false,true,2026-07-31T12:25:18.361Z,6346.6799999999985,4040.92,2024-03-12T22:20:00.000Z,18,1930.31,1749.89,183.26,2024-03-08T17:00:00.000Z,1,,2024-03-12T22:20:00.000Z,false,20,false,60.0,active,0.6367,2.0934,-2110.61
P00168,2024-02-26,paid_social,BR,BRL,verified,false,true,2026-07-31T12:25:18.361Z,0.0,0.0,,0,0.0,0.0,0.0,,0,,,true,,false,60.0,never_converted,,,0.0
P00169,2023-11-04,paid_social,BR,BRL,verified,false,true,2026-07-31T12:25:18.361Z,9132.45,-4905.5599999999995,2024-01-15T17:54:00.000Z,18,4367.969999999999,0.0,616.65,2024-01-07T02:43:00.000Z,5,3,2024-01-15T17:54:00.000Z,false,77,true,30.0,dormant,-0.5372,-1.1231,9273.53
P00170,2024-02-29,seo,BR,BRL,verified,false,true,2026-07-31T12:25:18.361Z,5248.18,-5079.05,2024-03-08T09:32:00.000Z,9,4003.5,0.0,0.0,2024-03-08T07:37:00.000Z,3,3,2024-03-08T09:32:00.000Z,false,24,false,60.0,active,-0.9678,-1.2687,9082.55
P00171,2023-12-19,seo,AO,USD,verified,true,false,2026-07-31T12:25:18.361Z,1394.6,1394.6,2024-01-04T16:51:00.000Z,3,3379.1499999999996,0.0,0.0,2024-01-19T04:50:00.000Z,2,19,2024-01-19T04:50:00.000Z,false,73,false,60.0,dormant,1.0,0.4127,1984.55
P00172,2024-01-11,paid_social,PT,EUR,verified,false,true,2026-07-31T12:25:18.361Z,2628.0499999999997,143.4199999999999,2024-03-14T00:29:00.000Z,6,1520.0,0.0,0.0,2024-02-25T09:17:00.000Z,3,1,2024-03-14T00:29:00.000Z,false,18,false,60.0,active,0.0546,0.0944,1376.58
P00173,2023-10-01,paid_social,PT,EUR,verified,false,true,2026-07-31T12:25:18.361Z,4059.47,1146.0700000000002,2023-10-22T03:23:00.000Z,9,2302.41,0.0,0.0,2023-10-22T02:42:00.000Z,3,2,2023-10-22T03:23:00.000Z,false,162,false,60.0,dormant,0.2823,0.4978,1156.34
P00174,2023-12-13,influencer,AO,EUR,rejected,false,false,2026-07-31T12:25:18.361Z,2444.37,-1510.2199999999998,2024-02-07T01:51:00.000Z,3,0.0,0.0,0.0,,0,,2024-02-07T01:51:00.000Z,false,54,false,60.0,active,-0.6178,,1510.22
P00175,2023-08-12,organic,BR,BRL,verified,false,true,2026-07-31T12:25:18.361Z,4250.23,-854.1700000000002,2024-01-17T05:16:00.000Z,6,0.0,0.0,0.0,,0,,2024-01-17T05:16:00.000Z,false,75,false,60.0,dormant,-0.201,,854.17
P00176,2024-01-08,organic,BR,BRL,verified,false,true,2026-07-31T12:25:18.361Z,0.0,0.0,,0,2693.7,0.0,0.0,2024-03-04T06:29:00.000Z,3,25,2024-03-04T06:29:00.000Z,false,28,false,60.0,active,,0.0,2693.7
P00177,2024-01-26,paid_social,BR,BRL,pending,false,true,2026-07-31T12:25:18.361Z,1753.19,423.2099999999999,2024-02-19T00:26:00.000Z,6,1776.76,996.26,0.0,2024-02-19T00:53:00.000Z,2,3,2024-02-19T00:53:00.000Z,false,42,false,60.0,active,0.2414,0.2382,1353.55
P00178,2024-03-14,influencer,BR,BRL,pending,true,false,2026-07-31T12:25:18.361Z,0.0,0.0,,0,3173.0299999999997,0.0,0.0,2024-03-16T13:24:00.000Z,2,2,2024-03-16T13:24:00.000Z,false,16,false,60.0,active,,0.0,3173.03
P00179,2023-10-13,organic,BR,BRL,verified,false,true,2026-07-31T12:25:18.361Z,2984.48,715.2900000000001,2024-01-29T09:06:00.000Z,6,0.0,0.0,1205.44,,0,,2024-01-29T09:06:00.000Z,false,63,false,60.0,dormant,0.2397,,-715.29
P00180,2023-11-07,seo,BR,EUR,verified,false,true,2026-07-31T12:25:18.361Z,4144.91,-1755.5600000000002,2024-02-16T22:01:00.000Z,9,0.0,0.0,0.0,,0,,2024-02-16T22:01:00.000Z,false,45,false,60.0,active,-0.4235,,1755.56
P00181,2023-08-21,affiliate,BR,BRL,verified,false,true,2026-07-31T12:25:18.361Z,1417.83,-268.08000000000004,2023-10-22T21:57:00.000Z,3,1531.1599999999999,0.0,0.0,2023-10-13T23:24:00.000Z,2,32,2023-10-22T21:57:00.000Z,false,162,false,60.0,dormant,-0.1891,-0.1751,1799.24
P00182,2023-11-23,seo,BR,BRL,verified,false,true,2026-07-31T12:25:18.361Z,11970.230000000001,3388.9100000000008,2024-03-11T09:49:00.000Z,24,9637.74,1289.12,0.0,2024-03-03T14:20:00.000Z,8,5,2024-03-11T09:49:00.000Z,false,21,true,30.0,active,0.2831,0.3516,6248.83
P00183,2023-10-10,unknown,BR,BRL,verified,false,true,2026-07-31T12:25:18.361Z,4222.19,-2145.49,2024-02-23T12:48:00.000Z,6,1497.31,0.0,0.0,2024-03-27T22:34:00.000Z,1,,2024-03-27T22:34:00.000Z,false,5,false,60.0,active,-0.5081,-1.4329,3642.8
P00184,2023-09-10,unknown,AO,EUR,verified,false,true,2026-07-31T12:25:18.361Z,3164.83,-449.78999999999974,2023-12-05T01:07:00.000Z,9,5976.429999999999,0.0,1975.5,2023-12-01T00:50:00.000Z,7,10,2023-12-05T01:07:00.000Z,false,118,true,30.0,dormant,-0.1421,-0.0753,6426.22
P00185,2023-12-24,organic,BR,USD,verified,false,true,2026-07-31T12:25:18.361Z,1639.94,-721.9200000000001,2024-02-04T04:26:00.000Z,3,951.25,0.0,0.0,2024-01-08T14:37:00.000Z,1,,2024-02-04T04:26:00.000Z,false,57,false,60.0,active,-0.4402,-0.7589,1673.17
P00186,2023-10-20,unknown,BR,BRL,verified,false,true,2026-07-31T12:25:18.361Z,3431.2099999999996,-1330.63,2023-11-14T02:08:00.000Z,6,1324.65,0.0,0.0,2023-11-15T03:27:00.000Z,2,11,2023-11-15T03:27:00.000Z,false,138,false,60.0,dormant,-0.3878,-1.0045,2655.28
P00187,2023-10-07,affiliate,PT,EUR,verified,false,true,2026-07-31T12:25:18.361Z,12885.34,-5267.51,2023-11-07T05:25:00.000Z,24,4220.860000000001,1981.31,1785.06,2023-11-06T23:38:00.000Z,3,6,2023-11-07T05:25:00.000Z,false,146,false,60.0,dormant,-0.4088,-1.248,9488.37
P00188,2023-09-04,seo,PT,EUR,pending,false,true,2026-07-31T12:25:18.361Z,24307.34000000001,-5010.419999999999,2024-02-21T01:12:00.000Z,57,12673.820000000002,0.0,1200.81,2024-02-17T18:20:00.000Z,12,13,2024-02-21T01:12:00.000Z,false,40,true,33.0,dormant,-0.2061,-0.3953,17684.24
P00189,2023-10-28,organic,PT,EUR,pending,false,true,2026-07-31T12:25:18.361Z,8092.1799999999985,3113.5099999999998,2023-12-05T00:29:00.000Z,15,2046.55,414.37,838.16,2023-12-06T06:36:00.000Z,4,13,2023-12-06T06:36:00.000Z,false,117,false,60.0,dormant,0.3848,1.5213,-1066.96
P00190,2024-02-20,affiliate,BR,BRL,verified,false,true,2026-07-31T12:25:18.361Z,0.0,0.0,,0,1230.88,0.0,0.0,2024-03-20T15:43:00.000Z,2,13,2024-03-20T15:43:00.000Z,false,12,false,60.0,active,,0.0,1230.88
P00191,2023-11-03,affiliate,BR,BRL,verified,false,true,2026-07-31T12:25:18.361Z,2026.97,-3410.37,2024-02-15T00:10:00.000Z,3,875.42,0.0,0.0,2024-02-02T00:35:00.000Z,1,,2024-02-15T00:10:00.000Z,false,46,false,60.0,active,-1.6825,-3.8957,4285.79
P00192,2023-12-13,unknown,BR,BRL,rejected,false,false,2026-07-31T12:25:18.361Z,10092.89,2194.19,2024-03-06T06:10:00.000Z,24,2988.17,0.0,507.94,2024-02-27T10:24:00.000Z,2,38,2024-03-06T06:10:00.000Z,false,26,false,60.0,active,0.2174,0.7343,793.98
P00193,2023-12-11,influencer,BR,BRL,verified,false,true,2026-07-31T12:25:18.361Z,25552.460000000003,-11442.68,2024-03-30T03:27:00.000Z,51,22153.999999999996,3365.1299999999997,4111.650000000001,2024-03-27T11:58:00.000Z,21,4,2024-03-30T03:27:00.000Z,false,2,true,30.0,active,-0.4478,-0.5165,33596.68
P00194,2023-08-15,organic,PT,EUR,verified,false,true,2026-07-31T12:25:18.361Z,12641.000000000002,6011.75,2023-12-24T17:36:00.000Z,27,2364.95,0.0,0.0,2023-12-24T16:52:00.000Z,3,13,2023-12-24T17:36:00.000Z,false,99,false,60.0,dormant,0.4756,2.542,-3646.8
P00195,2023-10-12,influencer,PT,EUR,verified,false,true,2026-07-31T12:25:18.361Z,9663.549999999997,-97.81000000000034,2024-03-16T20:47:00.000Z,21,6424.5700000000015,0.0,602.79,2024-03-14T00:25:00.000Z,7,14,2024-03-16T20:47:00.000Z,false,16,true,35.0,active,-0.0101,-0.0152,6522.38
P00196,2023-09-13,affiliate,BR,BRL,verified,false,true,2026-07-31T12:25:18.361Z,2572.2100000000005,-239.42,2024-02-04T01:27:00.000Z,9,6185.580000000001,0.0,969.4,2024-01-09T02:44:00.000Z,5,1,2024-02-04T01:27:00.000Z,false,57,true,30.0,dormant,-0.0931,-0.0387,6425.0
P00197,2023-08-11,influencer,PT,BRL,verified,false,true,2026-07-31T12:25:18.361Z,3682.97,2563.15,2023-08-17T07:46:00.000Z,9,2667.83,0.0,0.0,2023-08-16T16:30:00.000Z,3,1,2023-08-17T07:46:00.000Z,false,228,false,60.0,dormant,0.6959,0.9608,104.68
P00198,2023-12-06,organic,PT,EUR,pending,false,true,2026-07-31T12:25:18.361Z,12567.059999999998,3260.96,2023-12-15T04:05:00.000Z,30,5929.439999999999,0.0,1938.71,2023-12-14T03:35:00.000Z,6,1,2023-12-15T04:05:00.000Z,false,108,true,30.0,dormant,0.2595,0.55,2668.48
P00199,2024-01-24,seo,BR,BRL,verified,false,true,2026-07-31T12:25:18.361Z,0.0,0.0,,0,3680.87,0.0,0.0,2024-02-21T23:50:00.000Z,2,19,2024-02-21T23:50:00.000Z,false,40,false,60.0,active,,0.0,3680.87
P00200,2024-02-04,seo,AO,USD,verified,false,true,2026-07-31T12:25:18.361Z,1369.1999999999998,-66.82000000000005,2024-03-01T15:28:00.000Z,3,0.0,0.0,0.0,,0,,2024-03-01T15:28:00.000Z,false,31,false,60.0,active,-0.0488,,66.82
P00201,2023-09-01,unknown,BR,BRL,pending,false,true,2026-07-31T12:25:18.361Z,5076.089999999999,-579.36,2023-10-09T07:32:00.000Z,12,1803.52,0.0,318.66,2023-10-03T06:46:00.000Z,2,14,2023-10-09T07:32:00.000Z,false,175,false,60.0,dormant,-0.1141,-0.3212,2382.88
P00202,2024-02-25,organic,BR,BRL,verified,false,true,2026-07-31T12:25:18.361Z,37842.670000000006,-3442.2100000000005,2024-03-15T23:13:00.000Z,78,7217.68,0.0,1362.6,2024-03-12T14:56:00.000Z,9,2,2024-03-15T23:13:00.000Z,false,17,true,30.0,active,-0.091,-0.4769,10659.89
P00203,2023-12-06,influencer,BR,BRL,verified,true,false,2026-07-31T12:25:18.361Z,0.0,0.0,,0,2617.89,0.0,0.0,2024-01-09T10:48:00.000Z,3,12,2024-01-09T10:48:00.000Z,false,83,false,60.0,dormant,,0.0,2617.89
P00204,2023-12-05,seo,BR,BRL,verified,false,true,2026-07-31T12:25:18.361Z,2648.26,-600.3,2024-01-05T11:12:00.000Z,9,1109.52,0.0,0.0,2023-12-06T17:46:00.000Z,1,,2024-01-05T11:12:00.000Z,false,87,false,60.0,dormant,-0.2267,-0.541,1709.82
P00205,2024-02-03,paid_social,BR,BRL,verified,false,true,2026-07-31T12:25:18.361Z,2417.36,-132.81999999999994,2024-02-07T11:13:00.000Z,6,4087.1,0.0,0.0,2024-02-07T10:07:00.000Z,3,1,2024-02-07T11:13:00.000Z,false,54,false,60.0,active,-0.0549,-0.0325,4219.92
P00206,2023-11-07,organic,BR,BRL,verified,false,true,2026-07-31T12:25:18.361Z,10386.740000000002,601.5300000000002,2023-11-30T03:23:00.000Z,21,3769.86,908.16,1350.5,2023-12-01T19:05:00.000Z,4,10,2023-12-01T19:05:00.000Z,false,122,false,60.0,dormant,0.0579,0.1596,3168.33
P00207,2023-11-09,influencer,BR,BRL,verified,false,true,2026-07-31T12:25:18.361Z,4812.740000000001,4812.740000000001,2024-03-13T00:08:00.000Z,9,995.29,0.0,0.0,2023-12-15T23:32:00.000Z,1,,2024-03-13T00:08:00.000Z,false,19,false,60.0,active,1.0,4.8355,-3817.45
P00208,2023-08-11,seo,BR,USD,verified,false,true,2026-07-31T12:25:18.361Z,4009.5499999999997,-945.3700000000002,2023-12-29T12:39:00.000Z,9,3042.5499999999997,774.36,0.0,2024-02-13T22:51:00.000Z,4,24,2024-02-13T22:51:00.000Z,false,48,false,60.0,active,-0.2358,-0.3107,3987.92
P00209,2023-10-21,organic,BR,BRL,verified,false,true,2026-07-31T12:25:18.361Z,1895.86,616.89,2024-02-12T11:32:00.000Z,3,2511.56,0.0,0.0,2024-01-01T01:22:00.000Z,2,55,2024-02-12T11:32:00.000Z,false,49,false,60.0,active,0.3254,0.2456,1894.67
P00210,2023-10-16,paid_social,BR,USD,verified,false,true,2026-07-31T12:25:18.361Z,15383.479999999998,-633.0399999999998,2024-03-25T11:23:00.000Z,27,7672.32,1303.18,0.0,2024-03-23T07:34:00.000Z,6,29,2024-03-25T11:23:00.000Z,false,7,true,73.0,active,-0.0412,-0.0825,8305.36
P00211,2023-08-07,influencer,BR,BRL,verified,false,true,2026-07-31T12:25:18.361Z,0.0,0.0,,0,1623.5,0.0,0.0,2024-01-02T07:02:00.000Z,1,,2024-01-02T07:02:00.000Z,false,90,false,60.0,dormant,,0.0,1623.5
P00212,2024-02-01,affiliate,BR,BRL,verified,false,true,2026-07-31T12:25:18.361Z,2386.0299999999997,1288.43,2024-02-11T12:23:00.000Z,3,3415.1800000000003,0.0,0.0,2024-02-05T02:49:00.000Z,3,1,2024-02-11T12:23:00.000Z,false,50,false,60.0,active,0.54,0.3773,2126.75
P00213,2023-08-05,seo,BR,BRL,verified,false,true,2026-07-31T12:25:18.361Z,3759.47,-2302.24,2024-02-09T03:47:00.000Z,9,2375.66,0.0,1886.08,2024-02-13T10:07:00.000Z,4,53,2024-02-13T10:07:00.000Z,false,48,false,60.0,active,-0.6124,-0.9691,4677.9
P00214,2024-03-05,influencer,PT,BRL,verified,false,true,2026-07-31T12:25:18.361Z,10921.83,-460.92999999999955,2024-03-15T18:45:00.000Z,24,4998.95,0.0,810.54,2024-03-15T11:10:00.000Z,5,0,2024-03-15T18:45:00.000Z,false,17,true,30.0,active,-0.0422,-0.0922,5459.88
P00215,2023-09-14,influencer,BR,BRL,verified,false,true,2026-07-31T12:25:18.361Z,14346.29,2092.3499999999995,2024-03-08T23:08:00.000Z,27,3710.81,0.0,1034.4,2024-02-23T03:20:00.000Z,3,11,2024-03-08T23:08:00.000Z,false,24,false,60.0,active,0.1458,0.5639,1618.46
P00216,2023-10-07,organic,BR,BRL,verified,false,true,2026-07-31T12:25:18.361Z,40658.75000000002,-6478.58,2023-12-19T00:43:00.000Z,78,25583.39,3038.24,3974.2799999999997,2023-12-19T16:28:00.000Z,23,3,2023-12-19T16:28:00.000Z,false,104,true,30.0,dormant,-0.1593,-0.2532,32061.97
P00217,2024-01-28,organic,BR,BRL,verified,false,true,2026-07-31T12:25:18.361Z,44140.87,-10730.330000000002,2024-03-03T09:16:00.000Z,78,25932.459999999995,5557.5,0.0,2024-03-04T02:29:00.000Z,22,1,2024-03-04T02:29:00.000Z,false,28,true,30.0,active,-0.2431,-0.4138,36662.79
P00218,2023-09-01,seo,BR,BRL,rejected,false,false,2026-07-31T12:25:18.361Z,8943.630000000001,-4778.059999999999,2023-11-12T18:25:00.000Z,18,5659.429999999999,0.0,2122.86,2023-11-09T19:50:00.000Z,8,5,2023-11-12T18:25:00.000Z,false,141,true,30.0,dormant,-0.5342,-0.8443,10437.49
P00219,2024-01-30,organic,BR,BRL,verified,false,true,2026-07-31T12:25:18.361Z,13533.649999999998,393.7500000000002,2024-03-05T16:58:00.000Z,27,12447.88,0.0,396.39,2024-03-04T00:08:00.000Z,9,4,2024-03-05T16:58:00.000Z,false,27,true,30.0,active,0.0291,0.0316,12054.13
P00220,2024-01-26,influencer,BR,EUR,verified,false,true,2026-07-31T12:25:18.361Z,9914.490000000002,-5076.5999999999985,2024-02-23T18:46:00.000Z,18,2575.2599999999998,1227.23,0.0,2024-02-23T08:45:00.000Z,4,9,2024-02-23T18:46:00.000Z,false,38,false,60.0,active,-0.512,-1.9713,7651.86
P00221,2023-08-14,seo,BR,BRL,verified,false,true,2026-07-31T12:25:18.361Z,5367.829999999999,330.8199999999997,2023-09-17T02:07:00.000Z,9,1982.62,0.0,2436.52,2023-08-31T19:38:00.000Z,1,,2023-09-17T02:07:00.000Z,false,197,false,60.0,dormant,0.0616,0.1669,1651.8
P00222,2023-11-13,seo,BR,BRL,verified,false,true,2026-07-31T12:25:18.361Z,42844.689999999995,-2632.8099999999986,2023-11-28T18:53:00.000Z,84,17504.18,522.47,1504.62,2023-11-26T12:25:00.000Z,17,0,2023-11-28T18:53:00.000Z,false,125,true,30.0,dormant,-0.0615,-0.1504,20136.99
P00223,2024-02-13,influencer,BR,BRL,pending,false,true,2026-07-31T12:25:18.361Z,865.34,-2004.3700000000001,2024-03-05T11:32:00.000Z,3,2125.85,0.0,0.0,2024-02-23T07:29:00.000Z,2,3,2024-03-05T11:32:00.000Z,false,27,false,60.0,active,-2.3163,-0.9429,4130.22
P00224,2024-03-13,paid_social,PT,EUR,verified,false,true,2026-07-31T12:25:18.361Z,2144.19,-374.44000000000005,2024-03-19T15:58:00.000Z,3,3606.71,956.87,0.0,2024-03-22T23:44:00.000Z,2,3,2024-03-22T23:44:00.000Z,false,10,false,60.0,active,-0.1746,-0.1038,3981.15
P00225,2024-03-12,influencer,BR,BRL,rejected,false,false,2026-07-31T12:25:18.361Z,1026.31,754.06,2024-03-18T20:51:00.000Z,3,2660.67,0.0,0.0,2024-03-27T07:40:00.000Z,2,8,2024-03-27T07:40:00.000Z,false,5,false,60.0,active,0.7347,0.2834,1906.61
P00226,2023-12-13,influencer,BR,BRL,verified,false,true,2026-07-31T12:25:18.361Z,3739.08,3739.08,2024-02-04T01:07:00.000Z,6,0.0,0.0,0.0,,0,,2024-02-04T01:07:00.000Z,false,57,false,60.0,active,1.0,,-3739.08
P00227,2024-01-13,organic,BR,EUR,verified,false,true,2026-07-31T12:25:18.361Z,10268.34,-1773.459999999999,2024-03-04T17:34:00.000Z,24,6863.25,0.0,1818.56,2024-02-28T05:17:00.000Z,6,7,2024-03-04T17:34:00.000Z,false,28,true,30.0,active,-0.1727,-0.2584,8636.71
P00228,2024-02-28,seo,BR,BRL,verified,false,true,2026-07-31T12:25:18.361Z,3125.7200000000003,218.8800000000001,2024-03-07T20:07:00.000Z,6,2081.04,151.61,0.0,2024-03-01T02:32:00.000Z,2,0,2024-03-07T20:07:00.000Z,false,25,false,60.0,active,0.07,0.1052,1862.16
P00229,2023-08-02,organic,BR,BRL,verified,true,false,2026-07-31T12:25:18.361Z,15781.630000000001,4516.94,2024-01-15T01:01:00.000Z,30,1832.5700000000002,0.0,1744.93,2024-01-04T14:17:00.000Z,3,32,2024-01-15T01:01:00.000Z,false,77,false,60.0,dormant,0.2862,2.4648,-2684.37
P00230,2023-11-01,seo,BR,BRL,verified,false,true,2026-07-31T12:25:18.361Z,1500.9099999999999,-579.05,2023-12-20T03:05:00.000Z,3,2319.34,0.0,0.0,2024-01-11T09:09:00.000Z,3,21,2024-01-11T09:09:00.000Z,false,81,false,60.0,dormant,-0.3858,-0.2497,2898.39
P00231,2024-01-24,organic,BR,BRL,verified,false,true,2026-07-31T12:25:18.361Z,14769.43,-186.60000000000008,2024-03-16T16:33:00.000Z,30,10581.0,1224.19,4248.74,2024-03-21T08:44:00.000Z,8,5,2024-03-21T08:44:00.000Z,false,11,true,30.0,active,-0.0126,-0.0176,10767.6
P00232,2024-02-08,influencer,AO,USD,verified,false,true,2026-07-31T12:25:18.361Z,13937.539999999999,-5593.829999999998,2024-03-26T08:07:00.000Z,24,1597.34,0.0,1949.13,2024-03-23T08:11:00.000Z,3,5,2024-03-26T08:07:00.000Z,false,6,false,60.0,active,-0.4013,-3.502,7191.17
P00233,2023-10-03,paid_social,BR,BRL,verified,false,true,2026-07-31T12:25:18.361Z,1565.1299999999999,-2845.96,2023-10-24T21:22:00.000Z,3,0.0,0.0,0.0,,0,,2023-10-24T21:22:00.000Z,false,160,false,60.0,dormant,-1.8184,,2845.96
P00234,2023-08-16,affiliate,PT,EUR,verified,false,true,2026-07-31T12:25:18.361Z,5194.46,-1672.8700000000003,2023-09-12T21:04:00.000Z,9,741.86,0.0,0.0,2023-08-18T06:37:00.000Z,1,,2023-09-12T21:04:00.000Z,false,202,false,60.0,dormant,-0.322,-2.255,2414.73
P00235,2024-01-22,paid_social,BR,BRL,verified,false,true,2026-07-31T12:25:18.361Z,4845.56,1426.02,2024-03-07T00:41:00.000Z,9,1533.04,0.0,0.0,2024-02-21T03:00:00.000Z,1,,2024-03-07T00:41:00.000Z,false,25,false,60.0,active,0.2943,0.9302,107.02
P00236,2023-11-25,organic,BR,BRL,verified,false,true,2026-07-31T12:25:18.361Z,13609.83,3370.7599999999998,2023-12-13T11:08:00.000Z,24,2566.7799999999997,1642.85,0.0,2023-12-03T08:23:00.000Z,2,5,2023-12-13T11:08:00.000Z,false,110,false,60.0,dormant,0.2477,1.3132,-803.98
P00237,2023-08-12,influencer,BR,BRL,pending,false,true,2026-07-31T12:25:18.361Z,2546.64,-1761.73,2023-08-20T15:53:00.000Z,6,0.0,0.0,0.0,,0,,2023-08-20T15:53:00.000Z,false,225,false,60.0,dormant,-0.6918,,1761.73
P00238,2023-10-13,seo,BR,BRL,pending,false,true,2026-07-31T12:25:18.361Z,3954.73,2350.96,2024-01-01T07:32:00.000Z,6,1744.56,0.0,56.02,2023-10-30T15:52:00.000Z,1,,2024-01-01T07:32:00.000Z,false,91,false,60.0,dormant,0.5945,1.3476,-606.4
P00239,2023-11-05,influencer,BR,BRL,pending,false,true,2026-07-31T12:25:18.361Z,4284.41,3408.84,2024-02-11T05:29:00.000Z,6,0.0,0.0,1388.06,,0,,2024-02-11T05:29:00.000Z,false,50,false,60.0,active,0.7956,,-3408.84
P00240,2023-12-14,paid_social,BR,BRL,rejected,false,false,2026-07-31T12:25:18.361Z,0.0,0.0,,0,0.0,0.0,1917.22,,0,,,true,,false,60.0,never_converted,,,0.0
P00241,2023-12-15,seo,BR,BRL,verified,false,true,2026-07-31T12:25:18.361Z,36628.92,-2984.309999999999,2023-12-29T13:13:00.000Z,75,12339.730000000001,729.25,219.83,2023-12-27T09:47:00.000Z,9,1,2023-12-29T13:13:00.000Z,false,94,true,30.0,dormant,-0.0815,-0.2418,15324.04
P00242,2023-08-09,paid_social,PT,EUR,verified,false,true,2026-07-31T12:25:18.361Z,816.8800000000001,221.25000000000006,2023-11-15T12:14:00.000Z,3,551.73,0.0,1051.93,2023-10-14T12:12:00.000Z,2,37,2023-11-15T12:14:00.000Z,false,138,false,60.0,dormant,0.2708,0.401,330.48
P00243,2024-01-28,paid_social,PT,EUR,verified,false,true,2026-07-31T12:25:18.361Z,4549.96,2330.51,2024-02-03T05:55:00.000Z,9,0.0,0.0,0.0,,0,,2024-02-03T05:55:00.000Z,false,58,false,60.0,active,0.5122,,-2330.51
P00244,2023-09-05,influencer,BR,BRL,verified,false,true,2026-07-31T12:25:18.361Z,10692.23,2277.2099999999996,2023-11-20T01:51:00.000Z,21,6550.929999999999,652.34,699.63,2024-02-12T09:08:00.000Z,6,21,2024-02-12T09:08:00.000Z,false,49,true,53.0,active,0.213,0.3476,4273.72
P00245,2024-03-12,affiliate,BR,BRL,verified,false,true,2026-07-31T12:25:18.361Z,0.0,0.0,,0,1850.16,0.0,0.0,2024-03-17T20:46:00.000Z,1,,2024-03-17T20:46:00.000Z,false,15,false,60.0,active,,0.0,1850.16
P00246,2024-01-08,paid_social,BR,BRL,pending,false,true,2026-07-31T12:25:18.361Z,11923.7,1870.9799999999996,2024-02-16T21:25:00.000Z,24,4992.580000000001,2345.96,1335.54,2024-02-12T12:51:00.000Z,6,5,2024-02-16T21:25:00.000Z,false,45,true,30.0,dormant,0.1569,0.3748,3121.6
P00247,2024-01-26,affiliate,BR,USD,verified,false,true,2026-07-31T12:25:18.361Z,7559.75,-2589.77,2024-02-13T16:26:00.000Z,18,10592.59,0.0,0.0,2024-02-13T12:24:00.000Z,9,3,2024-02-13T16:26:00.000Z,false,48,true,30.0,dormant,-0.3426,-0.2445,13182.36
P00248,2024-02-23,seo,BR,USD,verified,false,true,2026-07-31T12:25:18.361Z,1686.0300000000002,1498.45,2024-02-28T06:39:00.000Z,3,0.0,0.0,0.0,,0,,2024-02-28T06:39:00.000Z,false,33,false,60.0,active,0.8887,,-1498.45
P00249,2023-11-24,unknown,PT,EUR,verified,true,false,2026-07-31T12:25:18.361Z,3459.33,-1776.12,2023-12-10T21:25:00.000Z,12,10605.63,134.45,0.0,2023-12-12T17:13:00.000Z,8,2,2023-12-12T17:13:00.000Z,false,111,true,30.0,dormant,-0.5134,-0.1675,12381.75
P00250,2023-09-18,influencer,PT,EUR,verified,false,true,2026-07-31T12:25:18.361Z,11345.820000000003,-5556.180000000001,2023-09-21T19:37:00.000Z,24,4653.659999999999,0.0,0.0,2023-09-21T07:38:00.000Z,7,0,2023-09-21T19:37:00.000Z,false,193,true,30.0,dormant,-0.4897,-1.1939,10209.84
